Workbook

Sheet Offers
A1: S.No | B1: Register No | C1: Name | D1: Department | E1: Company Name | F1: Salary Package (LPA) | G1: Internship Status | H1: Internship Mode | I1: Type | J1: Allowing Status | K1: Email ID | L1: Student Contact No | M1: Organized by | N1: Offer Entry Date | O1: Joined Date | P1: Offered Date | Q1: Offer reference no. | R1: Is that Interncum Placement Offer? | S1: Appoinment Letter Date | T1: Appointment Letter reference no. | U1: Appoinment Letter - Proof Link | V1: Offer - Proof Link | W1: Mail Proof | X1: Internship Letter | Y1: Internship Cum Offer
A2: {=IF(B2:B986="","",ROW(B2:B986)-1)} -> 1 | B2: 7376232AD141 | C2: =IFERROR(__xludf.DUMMYFUNCTION("XLOOKUP(B2, IMPORTRANGE(""https://docs.google.com/spreadsheets/d/1UUC6R1hVFPCYDEbJMIXaIBW-jeQYiKTRixeKD_tUHGw/edit?gid=0#gid=0"", ""List!B:B""), IMPORTRANGE(""https://docs.google.com/spreadsheets/d/1UUC6R1hVFPCYDEbJMIXaIBW-jeQYiKTRixeKD_tUHGw/edit?gid=0#g"&"id=0"", ""List!C:C""), ""-"")"),"GOWRIPRASATH VENKATACHALAM") -> GOWRIPRASATH VENKATACHALAM | D2: =IFERROR(__xludf.DUMMYFUNCTION("XLOOKUP(B2, IMPORTRANGE(""https://docs.google.com/spreadsheets/d/1UUC6R1hVFPCYDEbJMIXaIBW-jeQYiKTRixeKD_tUHGw/edit?gid=0#gid=0"", ""List!B:B""), IMPORTRANGE(""https://docs.google.com/spreadsheets/d/1UUC6R1hVFPCYDEbJMIXaIBW-jeQYiKTRixeKD_tUHGw/edit?gid=0#g"&"id=0"", ""List!D:D""), ""-"")"),"ARTIFICIAL INTELLIGENCE AND DATA SCIENCE") -> ARTIFICIAL INTELLIGENCE AND DATA SCIENCE | E2: Conversight.Ai | F2: 5 | G2: Joined | H2: Offline | I2: ITP | J2: Allow for Double the package | K2: =IFERROR(__xludf.DUMMYFUNCTION("XLOOKUP(B2, IMPORTRANGE(""https://docs.google.com/spreadsheets/d/1GpX_8hJc54hBz8KrakqcWdiXAS6pjY1zWE_9fWBXnEM/edit?gid=1460649486#gid=1460649486"", ""List!B:B""), IMPORTRANGE(""https://docs.google.com/spreadsheets/d/1GpX_8hJc54hBz8KrakqcWdiXAS6pjY1zWE_9fW"&"BXnEM/edit?gid=1460649486#gid=1460649486"", ""List!E:E""), ""-"")"),"gowriprasath.ad23@bitsathy.ac.in") -> gowriprasath.ad23@bitsathy.ac.in | L2: =IFERROR(__xludf.DUMMYFUNCTION("XLOOKUP(B2, IMPORTRANGE(""https://docs.google.com/spreadsheets/d/1GpX_8hJc54hBz8KrakqcWdiXAS6pjY1zWE_9fWBXnEM/edit?gid=1460649486#gid=1460649486"", ""List!B:B""), IMPORTRANGE(""https://docs.google.com/spreadsheets/d/1GpX_8hJc54hBz8KrakqcWdiXAS6pjY1zWE_9fW"&"BXnEM/edit?gid=1460649486#gid=1460649486"", ""List!G:G""), ""-"")"),"9597932727") -> 9597932727 | M2: T&P | N2: 26.12.2025 | O2: 05.01.2026 | R2: YES
A3: 2 | B3: 7376232AD155 | C3: =IFERROR(__xludf.DUMMYFUNCTION("XLOOKUP(B3, IMPORTRANGE(""https://docs.google.com/spreadsheets/d/1UUC6R1hVFPCYDEbJMIXaIBW-jeQYiKTRixeKD_tUHGw/edit?gid=0#gid=0"", ""List!B:B""), IMPORTRANGE(""https://docs.google.com/spreadsheets/d/1UUC6R1hVFPCYDEbJMIXaIBW-jeQYiKTRixeKD_tUHGw/edit?gid=0#g"&"id=0"", ""List!C:C""), ""-"")"),"HARSHIKA M") -> HARSHIKA M | D3: =IFERROR(__xludf.DUMMYFUNCTION("XLOOKUP(B3, IMPORTRANGE(""https://docs.google.com/spreadsheets/d/1UUC6R1hVFPCYDEbJMIXaIBW-jeQYiKTRixeKD_tUHGw/edit?gid=0#gid=0"", ""List!B:B""), IMPORTRANGE(""https://docs.google.com/spreadsheets/d/1UUC6R1hVFPCYDEbJMIXaIBW-jeQYiKTRixeKD_tUHGw/edit?gid=0#g"&"id=0"", ""List!D:D""), ""-"")"),"ARTIFICIAL INTELLIGENCE AND DATA SCIENCE") -> ARTIFICIAL INTELLIGENCE AND DATA SCIENCE | E3: Conversight.Ai | F3: 5 | G3: Joined | H3: Offline | I3: ITP | J3: Allow for Double the package | K3: =IFERROR(__xludf.DUMMYFUNCTION("XLOOKUP(B3, IMPORTRANGE(""https://docs.google.com/spreadsheets/d/1GpX_8hJc54hBz8KrakqcWdiXAS6pjY1zWE_9fWBXnEM/edit?gid=1460649486#gid=1460649486"", ""List!B:B""), IMPORTRANGE(""https://docs.google.com/spreadsheets/d/1GpX_8hJc54hBz8KrakqcWdiXAS6pjY1zWE_9fW"&"BXnEM/edit?gid=1460649486#gid=1460649486"", ""List!E:E""), ""-"")"),"harshika.ad23@bitsathy.ac.in") -> harshika.ad23@bitsathy.ac.in | L3: =IFERROR(__xludf.DUMMYFUNCTION("XLOOKUP(B3, IMPORTRANGE(""https://docs.google.com/spreadsheets/d/1GpX_8hJc54hBz8KrakqcWdiXAS6pjY1zWE_9fWBXnEM/edit?gid=1460649486#gid=1460649486"", ""List!B:B""), IMPORTRANGE(""https://docs.google.com/spreadsheets/d/1GpX_8hJc54hBz8KrakqcWdiXAS6pjY1zWE_9fW"&"BXnEM/edit?gid=1460649486#gid=1460649486"", ""List!G:G""), ""-"")"),"8838239950") -> 8838239950 | M3: T&P | N3: 26.12.2025 | O3: 05.01.2026 | R3: YES
A4: 3 | B4: 7376232IT114 | C4: =IFERROR(__xludf.DUMMYFUNCTION("XLOOKUP(B4, IMPORTRANGE(""https://docs.google.com/spreadsheets/d/1UUC6R1hVFPCYDEbJMIXaIBW-jeQYiKTRixeKD_tUHGw/edit?gid=0#gid=0"", ""List!B:B""), IMPORTRANGE(""https://docs.google.com/spreadsheets/d/1UUC6R1hVFPCYDEbJMIXaIBW-jeQYiKTRixeKD_tUHGw/edit?gid=0#g"&"id=0"", ""List!C:C""), ""-"")"),"ARVINDH S") -> ARVINDH S | D4: =IFERROR(__xludf.DUMMYFUNCTION("XLOOKUP(B4, IMPORTRANGE(""https://docs.google.com/spreadsheets/d/1UUC6R1hVFPCYDEbJMIXaIBW-jeQYiKTRixeKD_tUHGw/edit?gid=0#gid=0"", ""List!B:B""), IMPORTRANGE(""https://docs.google.com/spreadsheets/d/1UUC6R1hVFPCYDEbJMIXaIBW-jeQYiKTRixeKD_tUHGw/edit?gid=0#g"&"id=0"", ""List!D:D""), ""-"")"),"INFORMATION TECHNOLOGY") -> INFORMATION TECHNOLOGY | E4: Conversight.Ai | F4: 5 | G4: Joined | H4: Offline | I4: ITP | J4: Allow for Double the package | K4: =IFERROR(__xludf.DUMMYFUNCTION("XLOOKUP(B4, IMPORTRANGE(""https://docs.google.com/spreadsheets/d/1GpX_8hJc54hBz8KrakqcWdiXAS6pjY1zWE_9fWBXnEM/edit?gid=1460649486#gid=1460649486"", ""List!B:B""), IMPORTRANGE(""https://docs.google.com/spreadsheets/d/1GpX_8hJc54hBz8KrakqcWdiXAS6pjY1zWE_9fW"&"BXnEM/edit?gid=1460649486#gid=1460649486"", ""List!E:E""), ""-"")"),"arvindh.it23@bitsathy.ac.in") -> arvindh.it23@bitsathy.ac.in | L4: =IFERROR(__xludf.DUMMYFUNCTION("XLOOKUP(B4, IMPORTRANGE(""https://docs.google.com/spreadsheets/d/1GpX_8hJc54hBz8KrakqcWdiXAS6pjY1zWE_9fWBXnEM/edit?gid=1460649486#gid=1460649486"", ""List!B:B""), IMPORTRANGE(""https://docs.google.com/spreadsheets/d/1GpX_8hJc54hBz8KrakqcWdiXAS6pjY1zWE_9fW"&"BXnEM/edit?gid=1460649486#gid=1460649486"", ""List!G:G""), ""-"")"),"9626163456") -> 9626163456 | M4: T&P | N4: 26.12.2025 | O4: 05.01.2026 | R4: YES
A5: 4 | B5: 7376232AD213 | C5: =IFERROR(__xludf.DUMMYFUNCTION("XLOOKUP(B5, IMPORTRANGE(""https://docs.google.com/spreadsheets/d/1UUC6R1hVFPCYDEbJMIXaIBW-jeQYiKTRixeKD_tUHGw/edit?gid=0#gid=0"", ""List!B:B""), IMPORTRANGE(""https://docs.google.com/spreadsheets/d/1UUC6R1hVFPCYDEbJMIXaIBW-jeQYiKTRixeKD_tUHGw/edit?gid=0#g"&"id=0"", ""List!C:C""), ""-"")"),"PRANEETH K A") -> PRANEETH K A | D5: =IFERROR(__xludf.DUMMYFUNCTION("XLOOKUP(B5, IMPORTRANGE(""https://docs.google.com/spreadsheets/d/1UUC6R1hVFPCYDEbJMIXaIBW-jeQYiKTRixeKD_tUHGw/edit?gid=0#gid=0"", ""List!B:B""), IMPORTRANGE(""https://docs.google.com/spreadsheets/d/1UUC6R1hVFPCYDEbJMIXaIBW-jeQYiKTRixeKD_tUHGw/edit?gid=0#g"&"id=0"", ""List!D:D""), ""-"")"),"ARTIFICIAL INTELLIGENCE AND DATA SCIENCE") -> ARTIFICIAL INTELLIGENCE AND DATA SCIENCE | E5: Conversight.Ai | F5: 5 | G5: Joined | H5: Offline | I5: ITP | J5: Allow for Double the package | K5: =IFERROR(__xludf.DUMMYFUNCTION("XLOOKUP(B5, IMPORTRANGE(""https://docs.google.com/spreadsheets/d/1GpX_8hJc54hBz8KrakqcWdiXAS6pjY1zWE_9fWBXnEM/edit?gid=1460649486#gid=1460649486"", ""List!B:B""), IMPORTRANGE(""https://docs.google.com/spreadsheets/d/1GpX_8hJc54hBz8KrakqcWdiXAS6pjY1zWE_9fW"&"BXnEM/edit?gid=1460649486#gid=1460649486"", ""List!E:E""), ""-"")"),"praneeth.ad23@bitsathy.ac.in") -> praneeth.ad23@bitsathy.ac.in | L5: =IFERROR(__xludf.DUMMYFUNCTION("XLOOKUP(B5, IMPORTRANGE(""https://docs.google.com/spreadsheets/d/1GpX_8hJc54hBz8KrakqcWdiXAS6pjY1zWE_9fWBXnEM/edit?gid=1460649486#gid=1460649486"", ""List!B:B""), IMPORTRANGE(""https://docs.google.com/spreadsheets/d/1GpX_8hJc54hBz8KrakqcWdiXAS6pjY1zWE_9fW"&"BXnEM/edit?gid=1460649486#gid=1460649486"", ""List!G:G""), ""-"")"),"6379508939") -> 6379508939 | M5: T&P | N5: 26.12.2025 | O5: 05.01.2026 | R5: YES
A6: 5 | B6: 7376232IT221 | C6: =IFERROR(__xludf.DUMMYFUNCTION("XLOOKUP(B6, IMPORTRANGE(""https://docs.google.com/spreadsheets/d/1UUC6R1hVFPCYDEbJMIXaIBW-jeQYiKTRixeKD_tUHGw/edit?gid=0#gid=0"", ""List!B:B""), IMPORTRANGE(""https://docs.google.com/spreadsheets/d/1UUC6R1hVFPCYDEbJMIXaIBW-jeQYiKTRixeKD_tUHGw/edit?gid=0#g"&"id=0"", ""List!C:C""), ""-"")"),"PRANAOV NAATH S P") -> PRANAOV NAATH S P | D6: =IFERROR(__xludf.DUMMYFUNCTION("XLOOKUP(B6, IMPORTRANGE(""https://docs.google.com/spreadsheets/d/1UUC6R1hVFPCYDEbJMIXaIBW-jeQYiKTRixeKD_tUHGw/edit?gid=0#gid=0"", ""List!B:B""), IMPORTRANGE(""https://docs.google.com/spreadsheets/d/1UUC6R1hVFPCYDEbJMIXaIBW-jeQYiKTRixeKD_tUHGw/edit?gid=0#g"&"id=0"", ""List!D:D""), ""-"")"),"INFORMATION TECHNOLOGY") -> INFORMATION TECHNOLOGY | E6: Conversight.Ai | F6: 5 | G6: Joined | H6: Offline | I6: ITP | J6: Allow | K6: =IFERROR(__xludf.DUMMYFUNCTION("XLOOKUP(B6, IMPORTRANGE(""https://docs.google.com/spreadsheets/d/1GpX_8hJc54hBz8KrakqcWdiXAS6pjY1zWE_9fWBXnEM/edit?gid=1460649486#gid=1460649486"", ""List!B:B""), IMPORTRANGE(""https://docs.google.com/spreadsheets/d/1GpX_8hJc54hBz8KrakqcWdiXAS6pjY1zWE_9fW"&"BXnEM/edit?gid=1460649486#gid=1460649486"", ""List!E:E""), ""-"")"),"pranaovnaath.it23@bitsathy.ac.in") -> pranaovnaath.it23@bitsathy.ac.in | L6: =IFERROR(__xludf.DUMMYFUNCTION("XLOOKUP(B6, IMPORTRANGE(""https://docs.google.com/spreadsheets/d/1GpX_8hJc54hBz8KrakqcWdiXAS6pjY1zWE_9fWBXnEM/edit?gid=1460649486#gid=1460649486"", ""List!B:B""), IMPORTRANGE(""https://docs.google.com/spreadsheets/d/1GpX_8hJc54hBz8KrakqcWdiXAS6pjY1zWE_9fW"&"BXnEM/edit?gid=1460649486#gid=1460649486"", ""List!G:G""), ""-"")"),"9865068750") -> 9865068750 | M6: T&P | N6: 26.12.2025 | O6: 05.01.2026 | R6: YES
A7: 6 | B7: 7376231CD121 | C7: =IFERROR(__xludf.DUMMYFUNCTION("XLOOKUP(B7, IMPORTRANGE(""https://docs.google.com/spreadsheets/d/1UUC6R1hVFPCYDEbJMIXaIBW-jeQYiKTRixeKD_tUHGw/edit?gid=0#gid=0"", ""List!B:B""), IMPORTRANGE(""https://docs.google.com/spreadsheets/d/1UUC6R1hVFPCYDEbJMIXaIBW-jeQYiKTRixeKD_tUHGw/edit?gid=0#g"&"id=0"", ""List!C:C""), ""-"")"),"KAVYA M") -> KAVYA M | D7: =IFERROR(__xludf.DUMMYFUNCTION("XLOOKUP(B7, IMPORTRANGE(""https://docs.google.com/spreadsheets/d/1UUC6R1hVFPCYDEbJMIXaIBW-jeQYiKTRixeKD_tUHGw/edit?gid=0#gid=0"", ""List!B:B""), IMPORTRANGE(""https://docs.google.com/spreadsheets/d/1UUC6R1hVFPCYDEbJMIXaIBW-jeQYiKTRixeKD_tUHGw/edit?gid=0#g"&"id=0"", ""List!D:D""), ""-"")"),"COMPUTER SCIENCE AND DESIGN") -> COMPUTER SCIENCE AND DESIGN | E7: Conversight.Ai | F7: 5 | G7: Joined | H7: Offline | I7: ITP | J7: Allow for Double the package | K7: =IFERROR(__xludf.DUMMYFUNCTION("XLOOKUP(B7, IMPORTRANGE(""https://docs.google.com/spreadsheets/d/1GpX_8hJc54hBz8KrakqcWdiXAS6pjY1zWE_9fWBXnEM/edit?gid=1460649486#gid=1460649486"", ""List!B:B""), IMPORTRANGE(""https://docs.google.com/spreadsheets/d/1GpX_8hJc54hBz8KrakqcWdiXAS6pjY1zWE_9fW"&"BXnEM/edit?gid=1460649486#gid=1460649486"", ""List!E:E""), ""-"")"),"kavya.cd23@bitsathy.ac.in") -> kavya.cd23@bitsathy.ac.in | L7: =IFERROR(__xludf.DUMMYFUNCTION("XLOOKUP(B7, IMPORTRANGE(""https://docs.google.com/spreadsheets/d/1GpX_8hJc54hBz8KrakqcWdiXAS6pjY1zWE_9fWBXnEM/edit?gid=1460649486#gid=1460649486"", ""List!B:B""), IMPORTRANGE(""https://docs.google.com/spreadsheets/d/1GpX_8hJc54hBz8KrakqcWdiXAS6pjY1zWE_9fW"&"BXnEM/edit?gid=1460649486#gid=1460649486"", ""List!G:G""), ""-"")"),"9344256024") -> 9344256024 | M7: T&P | N7: 26.12.2025 | O7: 05.01.2026 | R7: YES
A8: 7 | B8: 7376231CS318 | C8: =IFERROR(__xludf.DUMMYFUNCTION("XLOOKUP(B8, IMPORTRANGE(""https://docs.google.com/spreadsheets/d/1UUC6R1hVFPCYDEbJMIXaIBW-jeQYiKTRixeKD_tUHGw/edit?gid=0#gid=0"", ""List!B:B""), IMPORTRANGE(""https://docs.google.com/spreadsheets/d/1UUC6R1hVFPCYDEbJMIXaIBW-jeQYiKTRixeKD_tUHGw/edit?gid=0#g"&"id=0"", ""List!C:C""), ""-"")"),"SREENIDHI R") -> SREENIDHI R | D8: =IFERROR(__xludf.DUMMYFUNCTION("XLOOKUP(B8, IMPORTRANGE(""https://docs.google.com/spreadsheets/d/1UUC6R1hVFPCYDEbJMIXaIBW-jeQYiKTRixeKD_tUHGw/edit?gid=0#gid=0"", ""List!B:B""), IMPORTRANGE(""https://docs.google.com/spreadsheets/d/1UUC6R1hVFPCYDEbJMIXaIBW-jeQYiKTRixeKD_tUHGw/edit?gid=0#g"&"id=0"", ""List!D:D""), ""-"")"),"COMPUTER SCIENCE AND ENGINEERING") -> COMPUTER SCIENCE AND ENGINEERING | E8: Conversight.Ai | F8: 5 | G8: Joined | H8: Offline | I8: ITP | J8: Allow for Double the package | K8: =IFERROR(__xludf.DUMMYFUNCTION("XLOOKUP(B8, IMPORTRANGE(""https://docs.google.com/spreadsheets/d/1GpX_8hJc54hBz8KrakqcWdiXAS6pjY1zWE_9fWBXnEM/edit?gid=1460649486#gid=1460649486"", ""List!B:B""), IMPORTRANGE(""https://docs.google.com/spreadsheets/d/1GpX_8hJc54hBz8KrakqcWdiXAS6pjY1zWE_9fW"&"BXnEM/edit?gid=1460649486#gid=1460649486"", ""List!E:E""), ""-"")"),"sreenidhi.cs23@bitsathy.ac.in") -> sreenidhi.cs23@bitsathy.ac.in | L8: =IFERROR(__xludf.DUMMYFUNCTION("XLOOKUP(B8, IMPORTRANGE(""https://docs.google.com/spreadsheets/d/1GpX_8hJc54hBz8KrakqcWdiXAS6pjY1zWE_9fWBXnEM/edit?gid=1460649486#gid=1460649486"", ""List!B:B""), IMPORTRANGE(""https://docs.google.com/spreadsheets/d/1GpX_8hJc54hBz8KrakqcWdiXAS6pjY1zWE_9fW"&"BXnEM/edit?gid=1460649486#gid=1460649486"", ""List!G:G""), ""-"")"),"7904611901") -> 7904611901 | M8: T&P | N8: 26.12.2025 | O8: 05.01.2026 | R8: YES
A9: 8 | B9: 7376231SE116 | C9: =IFERROR(__xludf.DUMMYFUNCTION("XLOOKUP(B9, IMPORTRANGE(""https://docs.google.com/spreadsheets/d/1UUC6R1hVFPCYDEbJMIXaIBW-jeQYiKTRixeKD_tUHGw/edit?gid=0#gid=0"", ""List!B:B""), IMPORTRANGE(""https://docs.google.com/spreadsheets/d/1UUC6R1hVFPCYDEbJMIXaIBW-jeQYiKTRixeKD_tUHGw/edit?gid=0#g"&"id=0"", ""List!C:C""), ""-"")"),"GAYATHIRI E") -> GAYATHIRI E | D9: =IFERROR(__xludf.DUMMYFUNCTION("XLOOKUP(B9, IMPORTRANGE(""https://docs.google.com/spreadsheets/d/1UUC6R1hVFPCYDEbJMIXaIBW-jeQYiKTRixeKD_tUHGw/edit?gid=0#gid=0"", ""List!B:B""), IMPORTRANGE(""https://docs.google.com/spreadsheets/d/1UUC6R1hVFPCYDEbJMIXaIBW-jeQYiKTRixeKD_tUHGw/edit?gid=0#g"&"id=0"", ""List!D:D""), ""-"")"),"INFORMATION SCIENCE AND ENGINEERING") -> INFORMATION SCIENCE AND ENGINEERING | E9: Soliton | F9: 10 | G9: Joined | H9: Online | I9: CORE | J9: Allow for Double the package | K9: =IFERROR(__xludf.DUMMYFUNCTION("XLOOKUP(B9, IMPORTRANGE(""https://docs.google.com/spreadsheets/d/1GpX_8hJc54hBz8KrakqcWdiXAS6pjY1zWE_9fWBXnEM/edit?gid=1460649486#gid=1460649486"", ""List!B:B""), IMPORTRANGE(""https://docs.google.com/spreadsheets/d/1GpX_8hJc54hBz8KrakqcWdiXAS6pjY1zWE_9fW"&"BXnEM/edit?gid=1460649486#gid=1460649486"", ""List!E:E""), ""-"")"),"gayathiri.se23@bitsathy.ac.in") -> gayathiri.se23@bitsathy.ac.in | L9: =IFERROR(__xludf.DUMMYFUNCTION("XLOOKUP(B9, IMPORTRANGE(""https://docs.google.com/spreadsheets/d/1GpX_8hJc54hBz8KrakqcWdiXAS6pjY1zWE_9fWBXnEM/edit?gid=1460649486#gid=1460649486"", ""List!B:B""), IMPORTRANGE(""https://docs.google.com/spreadsheets/d/1GpX_8hJc54hBz8KrakqcWdiXAS6pjY1zWE_9fW"&"BXnEM/edit?gid=1460649486#gid=1460649486"", ""List!G:G""), ""-"")"),"6382761041") -> 6382761041 | M9: T&P | N9: 24.01.2026 | R9: YES
A10: 9 | B10: 7376231EC158 | C10: =IFERROR(__xludf.DUMMYFUNCTION("XLOOKUP(B10, IMPORTRANGE(""https://docs.google.com/spreadsheets/d/1UUC6R1hVFPCYDEbJMIXaIBW-jeQYiKTRixeKD_tUHGw/edit?gid=0#gid=0"", ""List!B:B""), IMPORTRANGE(""https://docs.google.com/spreadsheets/d/1UUC6R1hVFPCYDEbJMIXaIBW-jeQYiKTRixeKD_tUHGw/edit?gid=0#"&"gid=0"", ""List!C:C""), ""-"")"),"HARISHMITHA R") -> HARISHMITHA R | D10: =IFERROR(__xludf.DUMMYFUNCTION("XLOOKUP(B10, IMPORTRANGE(""https://docs.google.com/spreadsheets/d/1UUC6R1hVFPCYDEbJMIXaIBW-jeQYiKTRixeKD_tUHGw/edit?gid=0#gid=0"", ""List!B:B""), IMPORTRANGE(""https://docs.google.com/spreadsheets/d/1UUC6R1hVFPCYDEbJMIXaIBW-jeQYiKTRixeKD_tUHGw/edit?gid=0#"&"gid=0"", ""List!D:D""), ""-"")"),"ELECTRONICS AND COMMUNICATION ENGINEERING") -> ELECTRONICS AND COMMUNICATION ENGINEERING | E10: Soliton | F10: 10 | G10: Joined | H10: Online | I10: CORE | J10: Allow for Double the package | K10: =IFERROR(__xludf.DUMMYFUNCTION("XLOOKUP(B10, IMPORTRANGE(""https://docs.google.com/spreadsheets/d/1GpX_8hJc54hBz8KrakqcWdiXAS6pjY1zWE_9fWBXnEM/edit?gid=1460649486#gid=1460649486"", ""List!B:B""), IMPORTRANGE(""https://docs.google.com/spreadsheets/d/1GpX_8hJc54hBz8KrakqcWdiXAS6pjY1zWE_9f"&"WBXnEM/edit?gid=1460649486#gid=1460649486"", ""List!E:E""), ""-"")"),"harishmitha.ec23@bitsathy.ac.in") -> harishmitha.ec23@bitsathy.ac.in | L10: =IFERROR(__xludf.DUMMYFUNCTION("XLOOKUP(B10, IMPORTRANGE(""https://docs.google.com/spreadsheets/d/1GpX_8hJc54hBz8KrakqcWdiXAS6pjY1zWE_9fWBXnEM/edit?gid=1460649486#gid=1460649486"", ""List!B:B""), IMPORTRANGE(""https://docs.google.com/spreadsheets/d/1GpX_8hJc54hBz8KrakqcWdiXAS6pjY1zWE_9f"&"WBXnEM/edit?gid=1460649486#gid=1460649486"", ""List!G:G""), ""-"")"),"9345877323") -> 9345877323 | M10: T&P | N10: 24.01.2026 | R10: YES
A11: 10 | B11: 7376231EC140 | C11: =IFERROR(__xludf.DUMMYFUNCTION("XLOOKUP(B11, IMPORTRANGE(""https://docs.google.com/spreadsheets/d/1UUC6R1hVFPCYDEbJMIXaIBW-jeQYiKTRixeKD_tUHGw/edit?gid=0#gid=0"", ""List!B:B""), IMPORTRANGE(""https://docs.google.com/spreadsheets/d/1UUC6R1hVFPCYDEbJMIXaIBW-jeQYiKTRixeKD_tUHGw/edit?gid=0#"&"gid=0"", ""List!C:C""), ""-"")"),"DINESH S") -> DINESH S | D11: =IFERROR(__xludf.DUMMYFUNCTION("XLOOKUP(B11, IMPORTRANGE(""https://docs.google.com/spreadsheets/d/1UUC6R1hVFPCYDEbJMIXaIBW-jeQYiKTRixeKD_tUHGw/edit?gid=0#gid=0"", ""List!B:B""), IMPORTRANGE(""https://docs.google.com/spreadsheets/d/1UUC6R1hVFPCYDEbJMIXaIBW-jeQYiKTRixeKD_tUHGw/edit?gid=0#"&"gid=0"", ""List!D:D""), ""-"")"),"ELECTRONICS AND COMMUNICATION ENGINEERING") -> ELECTRONICS AND COMMUNICATION ENGINEERING | E11: Soliton | F11: 10 | G11: Joined | H11: Online | I11: CORE | J11: Allow for Double the package | K11: =IFERROR(__xludf.DUMMYFUNCTION("XLOOKUP(B11, IMPORTRANGE(""https://docs.google.com/spreadsheets/d/1GpX_8hJc54hBz8KrakqcWdiXAS6pjY1zWE_9fWBXnEM/edit?gid=1460649486#gid=1460649486"", ""List!B:B""), IMPORTRANGE(""https://docs.google.com/spreadsheets/d/1GpX_8hJc54hBz8KrakqcWdiXAS6pjY1zWE_9f"&"WBXnEM/edit?gid=1460649486#gid=1460649486"", ""List!E:E""), ""-"")"),"dinesh.ec23@bitsathy.ac.in") -> dinesh.ec23@bitsathy.ac.in | L11: =IFERROR(__xludf.DUMMYFUNCTION("XLOOKUP(B11, IMPORTRANGE(""https://docs.google.com/spreadsheets/d/1GpX_8hJc54hBz8KrakqcWdiXAS6pjY1zWE_9fWBXnEM/edit?gid=1460649486#gid=1460649486"", ""List!B:B""), IMPORTRANGE(""https://docs.google.com/spreadsheets/d/1GpX_8hJc54hBz8KrakqcWdiXAS6pjY1zWE_9f"&"WBXnEM/edit?gid=1460649486#gid=1460649486"", ""List!G:G""), ""-"")"),"8838289988") -> 8838289988 | M11: T&P | N11: 24.01.2026 | R11: YES
A12: 11 | B12: 7376231CS107 | C12: =IFERROR(__xludf.DUMMYFUNCTION("XLOOKUP(B12, IMPORTRANGE(""https://docs.google.com/spreadsheets/d/1UUC6R1hVFPCYDEbJMIXaIBW-jeQYiKTRixeKD_tUHGw/edit?gid=0#gid=0"", ""List!B:B""), IMPORTRANGE(""https://docs.google.com/spreadsheets/d/1UUC6R1hVFPCYDEbJMIXaIBW-jeQYiKTRixeKD_tUHGw/edit?gid=0#"&"gid=0"", ""List!C:C""), ""-"")"),"ADHAVAN SE V") -> ADHAVAN SE V | D12: =IFERROR(__xludf.DUMMYFUNCTION("XLOOKUP(B12, IMPORTRANGE(""https://docs.google.com/spreadsheets/d/1UUC6R1hVFPCYDEbJMIXaIBW-jeQYiKTRixeKD_tUHGw/edit?gid=0#gid=0"", ""List!B:B""), IMPORTRANGE(""https://docs.google.com/spreadsheets/d/1UUC6R1hVFPCYDEbJMIXaIBW-jeQYiKTRixeKD_tUHGw/edit?gid=0#"&"gid=0"", ""List!D:D""), ""-"")"),"COMPUTER SCIENCE AND ENGINEERING") -> COMPUTER SCIENCE AND ENGINEERING | E12: Soliton | F12: 10 | G12: Joined | H12: Online | I12: CORE | J12: Dont Allow | K12: =IFERROR(__xludf.DUMMYFUNCTION("XLOOKUP(B12, IMPORTRANGE(""https://docs.google.com/spreadsheets/d/1GpX_8hJc54hBz8KrakqcWdiXAS6pjY1zWE_9fWBXnEM/edit?gid=1460649486#gid=1460649486"", ""List!B:B""), IMPORTRANGE(""https://docs.google.com/spreadsheets/d/1GpX_8hJc54hBz8KrakqcWdiXAS6pjY1zWE_9f"&"WBXnEM/edit?gid=1460649486#gid=1460649486"", ""List!E:E""), ""-"")"),"adhavan.cs23@bitsathy.ac.in") -> adhavan.cs23@bitsathy.ac.in | L12: =IFERROR(__xludf.DUMMYFUNCTION("XLOOKUP(B12, IMPORTRANGE(""https://docs.google.com/spreadsheets/d/1GpX_8hJc54hBz8KrakqcWdiXAS6pjY1zWE_9fWBXnEM/edit?gid=1460649486#gid=1460649486"", ""List!B:B""), IMPORTRANGE(""https://docs.google.com/spreadsheets/d/1GpX_8hJc54hBz8KrakqcWdiXAS6pjY1zWE_9f"&"WBXnEM/edit?gid=1460649486#gid=1460649486"", ""List!G:G""), ""-"")"),"9486406279") -> 9486406279 | M12: T&P | N12: 24.01.2026 | R12: YES
A13: 12 | B13: 7376232AD252 | C13: =IFERROR(__xludf.DUMMYFUNCTION("XLOOKUP(B13, IMPORTRANGE(""https://docs.google.com/spreadsheets/d/1UUC6R1hVFPCYDEbJMIXaIBW-jeQYiKTRixeKD_tUHGw/edit?gid=0#gid=0"", ""List!B:B""), IMPORTRANGE(""https://docs.google.com/spreadsheets/d/1UUC6R1hVFPCYDEbJMIXaIBW-jeQYiKTRixeKD_tUHGw/edit?gid=0#"&"gid=0"", ""List!C:C""), ""-"")"),"SHARVESH RAMALINGAM") -> SHARVESH RAMALINGAM | D13: =IFERROR(__xludf.DUMMYFUNCTION("XLOOKUP(B13, IMPORTRANGE(""https://docs.google.com/spreadsheets/d/1UUC6R1hVFPCYDEbJMIXaIBW-jeQYiKTRixeKD_tUHGw/edit?gid=0#gid=0"", ""List!B:B""), IMPORTRANGE(""https://docs.google.com/spreadsheets/d/1UUC6R1hVFPCYDEbJMIXaIBW-jeQYiKTRixeKD_tUHGw/edit?gid=0#"&"gid=0"", ""List!D:D""), ""-"")"),"ARTIFICIAL INTELLIGENCE AND DATA SCIENCE") -> ARTIFICIAL INTELLIGENCE AND DATA SCIENCE | E13: Soliton | F13: 10 | G13: Joined | H13: Online | I13: CORE | J13: Allow for Double the package | K13: =IFERROR(__xludf.DUMMYFUNCTION("XLOOKUP(B13, IMPORTRANGE(""https://docs.google.com/spreadsheets/d/1GpX_8hJc54hBz8KrakqcWdiXAS6pjY1zWE_9fWBXnEM/edit?gid=1460649486#gid=1460649486"", ""List!B:B""), IMPORTRANGE(""https://docs.google.com/spreadsheets/d/1GpX_8hJc54hBz8KrakqcWdiXAS6pjY1zWE_9f"&"WBXnEM/edit?gid=1460649486#gid=1460649486"", ""List!E:E""), ""-"")"),"sharvesh.ad23@bitsathy.ac.in") -> sharvesh.ad23@bitsathy.ac.in | L13: =IFERROR(__xludf.DUMMYFUNCTION("XLOOKUP(B13, IMPORTRANGE(""https://docs.google.com/spreadsheets/d/1GpX_8hJc54hBz8KrakqcWdiXAS6pjY1zWE_9fWBXnEM/edit?gid=1460649486#gid=1460649486"", ""List!B:B""), IMPORTRANGE(""https://docs.google.com/spreadsheets/d/1GpX_8hJc54hBz8KrakqcWdiXAS6pjY1zWE_9f"&"WBXnEM/edit?gid=1460649486#gid=1460649486"", ""List!G:G""), ""-"")"),"9944872008") -> 9944872008 | M13: T&P | N13: 24.01.2026 | R13: YES
A14: 13 | B14: 7376232AD195 | C14: =IFERROR(__xludf.DUMMYFUNCTION("XLOOKUP(B14, IMPORTRANGE(""https://docs.google.com/spreadsheets/d/1UUC6R1hVFPCYDEbJMIXaIBW-jeQYiKTRixeKD_tUHGw/edit?gid=0#gid=0"", ""List!B:B""), IMPORTRANGE(""https://docs.google.com/spreadsheets/d/1UUC6R1hVFPCYDEbJMIXaIBW-jeQYiKTRixeKD_tUHGw/edit?gid=0#"&"gid=0"", ""List!C:C""), ""-"")"),"MOHAMMED AFEEF M") -> MOHAMMED AFEEF M | D14: =IFERROR(__xludf.DUMMYFUNCTION("XLOOKUP(B14, IMPORTRANGE(""https://docs.google.com/spreadsheets/d/1UUC6R1hVFPCYDEbJMIXaIBW-jeQYiKTRixeKD_tUHGw/edit?gid=0#gid=0"", ""List!B:B""), IMPORTRANGE(""https://docs.google.com/spreadsheets/d/1UUC6R1hVFPCYDEbJMIXaIBW-jeQYiKTRixeKD_tUHGw/edit?gid=0#"&"gid=0"", ""List!D:D""), ""-"")"),"ARTIFICIAL INTELLIGENCE AND DATA SCIENCE") -> ARTIFICIAL INTELLIGENCE AND DATA SCIENCE | E14: Soliton | F14: 10 | G14: Joined | H14: Online | I14: CORE | J14: Allow for Double the package | K14: =IFERROR(__xludf.DUMMYFUNCTION("XLOOKUP(B14, IMPORTRANGE(""https://docs.google.com/spreadsheets/d/1GpX_8hJc54hBz8KrakqcWdiXAS6pjY1zWE_9fWBXnEM/edit?gid=1460649486#gid=1460649486"", ""List!B:B""), IMPORTRANGE(""https://docs.google.com/spreadsheets/d/1GpX_8hJc54hBz8KrakqcWdiXAS6pjY1zWE_9f"&"WBXnEM/edit?gid=1460649486#gid=1460649486"", ""List!E:E""), ""-"")"),"mohammedafeef.ad23@bitsathy.ac.in") -> mohammedafeef.ad23@bitsathy.ac.in | L14: =IFERROR(__xludf.DUMMYFUNCTION("XLOOKUP(B14, IMPORTRANGE(""https://docs.google.com/spreadsheets/d/1GpX_8hJc54hBz8KrakqcWdiXAS6pjY1zWE_9fWBXnEM/edit?gid=1460649486#gid=1460649486"", ""List!B:B""), IMPORTRANGE(""https://docs.google.com/spreadsheets/d/1GpX_8hJc54hBz8KrakqcWdiXAS6pjY1zWE_9f"&"WBXnEM/edit?gid=1460649486#gid=1460649486"", ""List!G:G""), ""-"")"),"7339424994") -> 7339424994 | M14: T&P | N14: 24.01.2026 | R14: YES
A15: 14 | B15: 7376231EC192 | C15: =IFERROR(__xludf.DUMMYFUNCTION("XLOOKUP(B15, IMPORTRANGE(""https://docs.google.com/spreadsheets/d/1UUC6R1hVFPCYDEbJMIXaIBW-jeQYiKTRixeKD_tUHGw/edit?gid=0#gid=0"", ""List!B:B""), IMPORTRANGE(""https://docs.google.com/spreadsheets/d/1UUC6R1hVFPCYDEbJMIXaIBW-jeQYiKTRixeKD_tUHGw/edit?gid=0#"&"gid=0"", ""List!C:C""), ""-"")"),"KOUSIK A B") -> KOUSIK A B | D15: =IFERROR(__xludf.DUMMYFUNCTION("XLOOKUP(B15, IMPORTRANGE(""https://docs.google.com/spreadsheets/d/1UUC6R1hVFPCYDEbJMIXaIBW-jeQYiKTRixeKD_tUHGw/edit?gid=0#gid=0"", ""List!B:B""), IMPORTRANGE(""https://docs.google.com/spreadsheets/d/1UUC6R1hVFPCYDEbJMIXaIBW-jeQYiKTRixeKD_tUHGw/edit?gid=0#"&"gid=0"", ""List!D:D""), ""-"")"),"ELECTRONICS AND COMMUNICATION ENGINEERING") -> ELECTRONICS AND COMMUNICATION ENGINEERING | E15: Soliton | F15: 10 | G15: Joined | H15: Online | I15: CORE | J15: Allow for Double the package | K15: =IFERROR(__xludf.DUMMYFUNCTION("XLOOKUP(B15, IMPORTRANGE(""https://docs.google.com/spreadsheets/d/1GpX_8hJc54hBz8KrakqcWdiXAS6pjY1zWE_9fWBXnEM/edit?gid=1460649486#gid=1460649486"", ""List!B:B""), IMPORTRANGE(""https://docs.google.com/spreadsheets/d/1GpX_8hJc54hBz8KrakqcWdiXAS6pjY1zWE_9f"&"WBXnEM/edit?gid=1460649486#gid=1460649486"", ""List!E:E""), ""-"")"),"kousik.ec23@bitsathy.ac.in") -> kousik.ec23@bitsathy.ac.in | L15: =IFERROR(__xludf.DUMMYFUNCTION("XLOOKUP(B15, IMPORTRANGE(""https://docs.google.com/spreadsheets/d/1GpX_8hJc54hBz8KrakqcWdiXAS6pjY1zWE_9fWBXnEM/edit?gid=1460649486#gid=1460649486"", ""List!B:B""), IMPORTRANGE(""https://docs.google.com/spreadsheets/d/1GpX_8hJc54hBz8KrakqcWdiXAS6pjY1zWE_9f"&"WBXnEM/edit?gid=1460649486#gid=1460649486"", ""List!G:G""), ""-"")"),"8190077771") -> 8190077771 | M15: T&P | N15: 24.01.2026 | R15: YES
A16: 15 | B16: 7376232AD101 | C16: =IFERROR(__xludf.DUMMYFUNCTION("XLOOKUP(B16, IMPORTRANGE(""https://docs.google.com/spreadsheets/d/1UUC6R1hVFPCYDEbJMIXaIBW-jeQYiKTRixeKD_tUHGw/edit?gid=0#gid=0"", ""List!B:B""), IMPORTRANGE(""https://docs.google.com/spreadsheets/d/1UUC6R1hVFPCYDEbJMIXaIBW-jeQYiKTRixeKD_tUHGw/edit?gid=0#"&"gid=0"", ""List!C:C""), ""-"")"),"AATHINI S S") -> AATHINI S S | D16: =IFERROR(__xludf.DUMMYFUNCTION("XLOOKUP(B16, IMPORTRANGE(""https://docs.google.com/spreadsheets/d/1UUC6R1hVFPCYDEbJMIXaIBW-jeQYiKTRixeKD_tUHGw/edit?gid=0#gid=0"", ""List!B:B""), IMPORTRANGE(""https://docs.google.com/spreadsheets/d/1UUC6R1hVFPCYDEbJMIXaIBW-jeQYiKTRixeKD_tUHGw/edit?gid=0#"&"gid=0"", ""List!D:D""), ""-"")"),"ARTIFICIAL INTELLIGENCE AND DATA SCIENCE") -> ARTIFICIAL INTELLIGENCE AND DATA SCIENCE | E16: Workhall | F16: 5 | G16: Joined | H16: Offline | I16: ITP | J16: Allow for Double the package | K16: =IFERROR(__xludf.DUMMYFUNCTION("XLOOKUP(B16, IMPORTRANGE(""https://docs.google.com/spreadsheets/d/1GpX_8hJc54hBz8KrakqcWdiXAS6pjY1zWE_9fWBXnEM/edit?gid=1460649486#gid=1460649486"", ""List!B:B""), IMPORTRANGE(""https://docs.google.com/spreadsheets/d/1GpX_8hJc54hBz8KrakqcWdiXAS6pjY1zWE_9f"&"WBXnEM/edit?gid=1460649486#gid=1460649486"", ""List!E:E""), ""-"")"),"aathini.ad23@bitsathy.ac.in") -> aathini.ad23@bitsathy.ac.in | L16: =IFERROR(__xludf.DUMMYFUNCTION("XLOOKUP(B16, IMPORTRANGE(""https://docs.google.com/spreadsheets/d/1GpX_8hJc54hBz8KrakqcWdiXAS6pjY1zWE_9fWBXnEM/edit?gid=1460649486#gid=1460649486"", ""List!B:B""), IMPORTRANGE(""https://docs.google.com/spreadsheets/d/1GpX_8hJc54hBz8KrakqcWdiXAS6pjY1zWE_9f"&"WBXnEM/edit?gid=1460649486#gid=1460649486"", ""List!G:G""), ""-"")"),"9345795447") -> 9345795447 | M16: T&P | N16: 07.02.2026 | O16: 09.02.2026 | R16: YES
A17: 16 | B17: 7376232AD169 | C17: =IFERROR(__xludf.DUMMYFUNCTION("XLOOKUP(B17, IMPORTRANGE(""https://docs.google.com/spreadsheets/d/1UUC6R1hVFPCYDEbJMIXaIBW-jeQYiKTRixeKD_tUHGw/edit?gid=0#gid=0"", ""List!B:B""), IMPORTRANGE(""https://docs.google.com/spreadsheets/d/1UUC6R1hVFPCYDEbJMIXaIBW-jeQYiKTRixeKD_tUHGw/edit?gid=0#"&"gid=0"", ""List!C:C""), ""-"")"),"JOGITHA R S") -> JOGITHA R S | D17: =IFERROR(__xludf.DUMMYFUNCTION("XLOOKUP(B17, IMPORTRANGE(""https://docs.google.com/spreadsheets/d/1UUC6R1hVFPCYDEbJMIXaIBW-jeQYiKTRixeKD_tUHGw/edit?gid=0#gid=0"", ""List!B:B""), IMPORTRANGE(""https://docs.google.com/spreadsheets/d/1UUC6R1hVFPCYDEbJMIXaIBW-jeQYiKTRixeKD_tUHGw/edit?gid=0#"&"gid=0"", ""List!D:D""), ""-"")"),"ARTIFICIAL INTELLIGENCE AND DATA SCIENCE") -> ARTIFICIAL INTELLIGENCE AND DATA SCIENCE | E17: Workhall | F17: 5 | G17: Joined | H17: Offline | I17: ITP | J17: Allow for Double the package | K17: =IFERROR(__xludf.DUMMYFUNCTION("XLOOKUP(B17, IMPORTRANGE(""https://docs.google.com/spreadsheets/d/1GpX_8hJc54hBz8KrakqcWdiXAS6pjY1zWE_9fWBXnEM/edit?gid=1460649486#gid=1460649486"", ""List!B:B""), IMPORTRANGE(""https://docs.google.com/spreadsheets/d/1GpX_8hJc54hBz8KrakqcWdiXAS6pjY1zWE_9f"&"WBXnEM/edit?gid=1460649486#gid=1460649486"", ""List!E:E""), ""-"")"),"jogitha.ad23@bitsathy.ac.in") -> jogitha.ad23@bitsathy.ac.in | L17: =IFERROR(__xludf.DUMMYFUNCTION("XLOOKUP(B17, IMPORTRANGE(""https://docs.google.com/spreadsheets/d/1GpX_8hJc54hBz8KrakqcWdiXAS6pjY1zWE_9fWBXnEM/edit?gid=1460649486#gid=1460649486"", ""List!B:B""), IMPORTRANGE(""https://docs.google.com/spreadsheets/d/1GpX_8hJc54hBz8KrakqcWdiXAS6pjY1zWE_9f"&"WBXnEM/edit?gid=1460649486#gid=1460649486"", ""List!G:G""), ""-"")"),"6382440479") -> 6382440479 | M17: T&P | N17: 07.02.2026 | O17: 09.02.2026 | R17: YES
A18: 17 | B18: 7376232AL112 | C18: =IFERROR(__xludf.DUMMYFUNCTION("XLOOKUP(B18, IMPORTRANGE(""https://docs.google.com/spreadsheets/d/1UUC6R1hVFPCYDEbJMIXaIBW-jeQYiKTRixeKD_tUHGw/edit?gid=0#gid=0"", ""List!B:B""), IMPORTRANGE(""https://docs.google.com/spreadsheets/d/1UUC6R1hVFPCYDEbJMIXaIBW-jeQYiKTRixeKD_tUHGw/edit?gid=0#"&"gid=0"", ""List!C:C""), ""-"")"),"DEEKSHA M M") -> DEEKSHA M M | D18: =IFERROR(__xludf.DUMMYFUNCTION("XLOOKUP(B18, IMPORTRANGE(""https://docs.google.com/spreadsheets/d/1UUC6R1hVFPCYDEbJMIXaIBW-jeQYiKTRixeKD_tUHGw/edit?gid=0#gid=0"", ""List!B:B""), IMPORTRANGE(""https://docs.google.com/spreadsheets/d/1UUC6R1hVFPCYDEbJMIXaIBW-jeQYiKTRixeKD_tUHGw/edit?gid=0#"&"gid=0"", ""List!D:D""), ""-"")"),"ARTIFICIAL INTELLIGENCE AND MACHINE LEARNING") -> ARTIFICIAL INTELLIGENCE AND MACHINE LEARNING | E18: Workhall | F18: 5 | G18: Joined | H18: Offline | I18: ITP | J18: Allow for Double the package | K18: =IFERROR(__xludf.DUMMYFUNCTION("XLOOKUP(B18, IMPORTRANGE(""https://docs.google.com/spreadsheets/d/1GpX_8hJc54hBz8KrakqcWdiXAS6pjY1zWE_9fWBXnEM/edit?gid=1460649486#gid=1460649486"", ""List!B:B""), IMPORTRANGE(""https://docs.google.com/spreadsheets/d/1GpX_8hJc54hBz8KrakqcWdiXAS6pjY1zWE_9f"&"WBXnEM/edit?gid=1460649486#gid=1460649486"", ""List!E:E""), ""-"")"),"deeksha.al23@bitsathy.ac.in") -> deeksha.al23@bitsathy.ac.in | L18: =IFERROR(__xludf.DUMMYFUNCTION("XLOOKUP(B18, IMPORTRANGE(""https://docs.google.com/spreadsheets/d/1GpX_8hJc54hBz8KrakqcWdiXAS6pjY1zWE_9fWBXnEM/edit?gid=1460649486#gid=1460649486"", ""List!B:B""), IMPORTRANGE(""https://docs.google.com/spreadsheets/d/1GpX_8hJc54hBz8KrakqcWdiXAS6pjY1zWE_9f"&"WBXnEM/edit?gid=1460649486#gid=1460649486"", ""List!G:G""), ""-"")"),"6374950166") -> 6374950166 | M18: T&P | N18: 07.02.2026 | O18: 09.02.2026 | R18: YES
A19: 18 | B19: 7376232AL139 | C19: =IFERROR(__xludf.DUMMYFUNCTION("XLOOKUP(B19, IMPORTRANGE(""https://docs.google.com/spreadsheets/d/1UUC6R1hVFPCYDEbJMIXaIBW-jeQYiKTRixeKD_tUHGw/edit?gid=0#gid=0"", ""List!B:B""), IMPORTRANGE(""https://docs.google.com/spreadsheets/d/1UUC6R1hVFPCYDEbJMIXaIBW-jeQYiKTRixeKD_tUHGw/edit?gid=0#"&"gid=0"", ""List!C:C""), ""-"")"),"KIRANYA S R") -> KIRANYA S R | D19: =IFERROR(__xludf.DUMMYFUNCTION("XLOOKUP(B19, IMPORTRANGE(""https://docs.google.com/spreadsheets/d/1UUC6R1hVFPCYDEbJMIXaIBW-jeQYiKTRixeKD_tUHGw/edit?gid=0#gid=0"", ""List!B:B""), IMPORTRANGE(""https://docs.google.com/spreadsheets/d/1UUC6R1hVFPCYDEbJMIXaIBW-jeQYiKTRixeKD_tUHGw/edit?gid=0#"&"gid=0"", ""List!D:D""), ""-"")"),"ARTIFICIAL INTELLIGENCE AND MACHINE LEARNING") -> ARTIFICIAL INTELLIGENCE AND MACHINE LEARNING | E19: Workhall | F19: 5 | G19: Joined | H19: Offline | I19: ITP | J19: Allow for Double the package | K19: =IFERROR(__xludf.DUMMYFUNCTION("XLOOKUP(B19, IMPORTRANGE(""https://docs.google.com/spreadsheets/d/1GpX_8hJc54hBz8KrakqcWdiXAS6pjY1zWE_9fWBXnEM/edit?gid=1460649486#gid=1460649486"", ""List!B:B""), IMPORTRANGE(""https://docs.google.com/spreadsheets/d/1GpX_8hJc54hBz8KrakqcWdiXAS6pjY1zWE_9f"&"WBXnEM/edit?gid=1460649486#gid=1460649486"", ""List!E:E""), ""-"")"),"kiranya.al23@bitsathy.ac.in") -> kiranya.al23@bitsathy.ac.in | L19: =IFERROR(__xludf.DUMMYFUNCTION("XLOOKUP(B19, IMPORTRANGE(""https://docs.google.com/spreadsheets/d/1GpX_8hJc54hBz8KrakqcWdiXAS6pjY1zWE_9fWBXnEM/edit?gid=1460649486#gid=1460649486"", ""List!B:B""), IMPORTRANGE(""https://docs.google.com/spreadsheets/d/1GpX_8hJc54hBz8KrakqcWdiXAS6pjY1zWE_9f"&"WBXnEM/edit?gid=1460649486#gid=1460649486"", ""List!G:G""), ""-"")"),"9043405454") -> 9043405454 | M19: T&P | N19: 07.02.2026 | O19: 09.02.2026 | R19: YES
A20: 19 | B20: 7376232AL151 | C20: =IFERROR(__xludf.DUMMYFUNCTION("XLOOKUP(B20, IMPORTRANGE(""https://docs.google.com/spreadsheets/d/1UUC6R1hVFPCYDEbJMIXaIBW-jeQYiKTRixeKD_tUHGw/edit?gid=0#gid=0"", ""List!B:B""), IMPORTRANGE(""https://docs.google.com/spreadsheets/d/1UUC6R1hVFPCYDEbJMIXaIBW-jeQYiKTRixeKD_tUHGw/edit?gid=0#"&"gid=0"", ""List!C:C""), ""-"")"),"MAHITHAA SRI S K") -> MAHITHAA SRI S K | D20: =IFERROR(__xludf.DUMMYFUNCTION("XLOOKUP(B20, IMPORTRANGE(""https://docs.google.com/spreadsheets/d/1UUC6R1hVFPCYDEbJMIXaIBW-jeQYiKTRixeKD_tUHGw/edit?gid=0#gid=0"", ""List!B:B""), IMPORTRANGE(""https://docs.google.com/spreadsheets/d/1UUC6R1hVFPCYDEbJMIXaIBW-jeQYiKTRixeKD_tUHGw/edit?gid=0#"&"gid=0"", ""List!D:D""), ""-"")"),"ARTIFICIAL INTELLIGENCE AND MACHINE LEARNING") -> ARTIFICIAL INTELLIGENCE AND MACHINE LEARNING | E20: Workhall | F20: 5 | G20: Joined | H20: Offline | I20: ITP | J20: Allow for Double the package | K20: =IFERROR(__xludf.DUMMYFUNCTION("XLOOKUP(B20, IMPORTRANGE(""https://docs.google.com/spreadsheets/d/1GpX_8hJc54hBz8KrakqcWdiXAS6pjY1zWE_9fWBXnEM/edit?gid=1460649486#gid=1460649486"", ""List!B:B""), IMPORTRANGE(""https://docs.google.com/spreadsheets/d/1GpX_8hJc54hBz8KrakqcWdiXAS6pjY1zWE_9f"&"WBXnEM/edit?gid=1460649486#gid=1460649486"", ""List!E:E""), ""-"")"),"mahithaasri.al23@bitsathy.ac.in") -> mahithaasri.al23@bitsathy.ac.in | L20: =IFERROR(__xludf.DUMMYFUNCTION("XLOOKUP(B20, IMPORTRANGE(""https://docs.google.com/spreadsheets/d/1GpX_8hJc54hBz8KrakqcWdiXAS6pjY1zWE_9fWBXnEM/edit?gid=1460649486#gid=1460649486"", ""List!B:B""), IMPORTRANGE(""https://docs.google.com/spreadsheets/d/1GpX_8hJc54hBz8KrakqcWdiXAS6pjY1zWE_9f"&"WBXnEM/edit?gid=1460649486#gid=1460649486"", ""List!G:G""), ""-"")"),"9444505595") -> 9444505595 | M20: T&P | N20: 07.02.2026 | O20: 09.02.2026 | R20: YES
A21: 20 | B21: 7376232AL170 | C21: =IFERROR(__xludf.DUMMYFUNCTION("XLOOKUP(B21, IMPORTRANGE(""https://docs.google.com/spreadsheets/d/1UUC6R1hVFPCYDEbJMIXaIBW-jeQYiKTRixeKD_tUHGw/edit?gid=0#gid=0"", ""List!B:B""), IMPORTRANGE(""https://docs.google.com/spreadsheets/d/1UUC6R1hVFPCYDEbJMIXaIBW-jeQYiKTRixeKD_tUHGw/edit?gid=0#"&"gid=0"", ""List!C:C""), ""-"")"),"NIDHARSANA K S") -> NIDHARSANA K S | D21: =IFERROR(__xludf.DUMMYFUNCTION("XLOOKUP(B21, IMPORTRANGE(""https://docs.google.com/spreadsheets/d/1UUC6R1hVFPCYDEbJMIXaIBW-jeQYiKTRixeKD_tUHGw/edit?gid=0#gid=0"", ""List!B:B""), IMPORTRANGE(""https://docs.google.com/spreadsheets/d/1UUC6R1hVFPCYDEbJMIXaIBW-jeQYiKTRixeKD_tUHGw/edit?gid=0#"&"gid=0"", ""List!D:D""), ""-"")"),"ARTIFICIAL INTELLIGENCE AND MACHINE LEARNING") -> ARTIFICIAL INTELLIGENCE AND MACHINE LEARNING | E21: Workhall | F21: 5 | G21: Joined | H21: Offline | I21: ITP | J21: Allow for Double the package | K21: =IFERROR(__xludf.DUMMYFUNCTION("XLOOKUP(B21, IMPORTRANGE(""https://docs.google.com/spreadsheets/d/1GpX_8hJc54hBz8KrakqcWdiXAS6pjY1zWE_9fWBXnEM/edit?gid=1460649486#gid=1460649486"", ""List!B:B""), IMPORTRANGE(""https://docs.google.com/spreadsheets/d/1GpX_8hJc54hBz8KrakqcWdiXAS6pjY1zWE_9f"&"WBXnEM/edit?gid=1460649486#gid=1460649486"", ""List!E:E""), ""-"")"),"nidharsana.al23@bitsathy.ac.in") -> nidharsana.al23@bitsathy.ac.in | L21: =IFERROR(__xludf.DUMMYFUNCTION("XLOOKUP(B21, IMPORTRANGE(""https://docs.google.com/spreadsheets/d/1GpX_8hJc54hBz8KrakqcWdiXAS6pjY1zWE_9fWBXnEM/edit?gid=1460649486#gid=1460649486"", ""List!B:B""), IMPORTRANGE(""https://docs.google.com/spreadsheets/d/1GpX_8hJc54hBz8KrakqcWdiXAS6pjY1zWE_9f"&"WBXnEM/edit?gid=1460649486#gid=1460649486"", ""List!G:G""), ""-"")"),"8122744801") -> 8122744801 | M21: T&P | N21: 07.02.2026 | O21: 09.02.2026 | R21: YES
A22: 21 | B22: 7376232CB118 | C22: =IFERROR(__xludf.DUMMYFUNCTION("XLOOKUP(B22, IMPORTRANGE(""https://docs.google.com/spreadsheets/d/1UUC6R1hVFPCYDEbJMIXaIBW-jeQYiKTRixeKD_tUHGw/edit?gid=0#gid=0"", ""List!B:B""), IMPORTRANGE(""https://docs.google.com/spreadsheets/d/1UUC6R1hVFPCYDEbJMIXaIBW-jeQYiKTRixeKD_tUHGw/edit?gid=0#"&"gid=0"", ""List!C:C""), ""-"")"),"GOWRI SHANKAR P") -> GOWRI SHANKAR P | D22: =IFERROR(__xludf.DUMMYFUNCTION("XLOOKUP(B22, IMPORTRANGE(""https://docs.google.com/spreadsheets/d/1UUC6R1hVFPCYDEbJMIXaIBW-jeQYiKTRixeKD_tUHGw/edit?gid=0#gid=0"", ""List!B:B""), IMPORTRANGE(""https://docs.google.com/spreadsheets/d/1UUC6R1hVFPCYDEbJMIXaIBW-jeQYiKTRixeKD_tUHGw/edit?gid=0#"&"gid=0"", ""List!D:D""), ""-"")"),"COMPUTER SCIENCE AND BUSINESS SYSTEMS") -> COMPUTER SCIENCE AND BUSINESS SYSTEMS | E22: Workhall | F22: 5 | G22: Joined | H22: Offline | I22: ITP | J22: Allow for Double the package | K22: =IFERROR(__xludf.DUMMYFUNCTION("XLOOKUP(B22, IMPORTRANGE(""https://docs.google.com/spreadsheets/d/1GpX_8hJc54hBz8KrakqcWdiXAS6pjY1zWE_9fWBXnEM/edit?gid=1460649486#gid=1460649486"", ""List!B:B""), IMPORTRANGE(""https://docs.google.com/spreadsheets/d/1GpX_8hJc54hBz8KrakqcWdiXAS6pjY1zWE_9f"&"WBXnEM/edit?gid=1460649486#gid=1460649486"", ""List!E:E""), ""-"")"),"gowrishankar.cb23@bitsathy.ac.in") -> gowrishankar.cb23@bitsathy.ac.in | L22: =IFERROR(__xludf.DUMMYFUNCTION("XLOOKUP(B22, IMPORTRANGE(""https://docs.google.com/spreadsheets/d/1GpX_8hJc54hBz8KrakqcWdiXAS6pjY1zWE_9fWBXnEM/edit?gid=1460649486#gid=1460649486"", ""List!B:B""), IMPORTRANGE(""https://docs.google.com/spreadsheets/d/1GpX_8hJc54hBz8KrakqcWdiXAS6pjY1zWE_9f"&"WBXnEM/edit?gid=1460649486#gid=1460649486"", ""List!G:G""), ""-"")"),"6383869580") -> 6383869580 | M22: T&P | N22: 07.02.2026 | O22: 09.02.2026 | R22: YES
A23: 22 | B23: 7376232IT272 | C23: =IFERROR(__xludf.DUMMYFUNCTION("XLOOKUP(B23, IMPORTRANGE(""https://docs.google.com/spreadsheets/d/1UUC6R1hVFPCYDEbJMIXaIBW-jeQYiKTRixeKD_tUHGw/edit?gid=0#gid=0"", ""List!B:B""), IMPORTRANGE(""https://docs.google.com/spreadsheets/d/1UUC6R1hVFPCYDEbJMIXaIBW-jeQYiKTRixeKD_tUHGw/edit?gid=0#"&"gid=0"", ""List!C:C""), ""-"")"),"THITHIKSAA S K") -> THITHIKSAA S K | D23: =IFERROR(__xludf.DUMMYFUNCTION("XLOOKUP(B23, IMPORTRANGE(""https://docs.google.com/spreadsheets/d/1UUC6R1hVFPCYDEbJMIXaIBW-jeQYiKTRixeKD_tUHGw/edit?gid=0#gid=0"", ""List!B:B""), IMPORTRANGE(""https://docs.google.com/spreadsheets/d/1UUC6R1hVFPCYDEbJMIXaIBW-jeQYiKTRixeKD_tUHGw/edit?gid=0#"&"gid=0"", ""List!D:D""), ""-"")"),"INFORMATION TECHNOLOGY") -> INFORMATION TECHNOLOGY | E23: Workhall | F23: 5 | G23: Joined | H23: Offline | I23: ITP | J23: Allow for Double the package | K23: =IFERROR(__xludf.DUMMYFUNCTION("XLOOKUP(B23, IMPORTRANGE(""https://docs.google.com/spreadsheets/d/1GpX_8hJc54hBz8KrakqcWdiXAS6pjY1zWE_9fWBXnEM/edit?gid=1460649486#gid=1460649486"", ""List!B:B""), IMPORTRANGE(""https://docs.google.com/spreadsheets/d/1GpX_8hJc54hBz8KrakqcWdiXAS6pjY1zWE_9f"&"WBXnEM/edit?gid=1460649486#gid=1460649486"", ""List!E:E""), ""-"")"),"thithiksaa.it23@bitsathy.ac.in") -> thithiksaa.it23@bitsathy.ac.in | L23: =IFERROR(__xludf.DUMMYFUNCTION("XLOOKUP(B23, IMPORTRANGE(""https://docs.google.com/spreadsheets/d/1GpX_8hJc54hBz8KrakqcWdiXAS6pjY1zWE_9fWBXnEM/edit?gid=1460649486#gid=1460649486"", ""List!B:B""), IMPORTRANGE(""https://docs.google.com/spreadsheets/d/1GpX_8hJc54hBz8KrakqcWdiXAS6pjY1zWE_9f"&"WBXnEM/edit?gid=1460649486#gid=1460649486"", ""List!G:G""), ""-"")"),"9489431540") -> 9489431540 | M23: T&P | N23: 07.02.2026 | O23: 09.02.2026 | R23: YES
A24: 23 | B24: 7376231CS250 | C24: =IFERROR(__xludf.DUMMYFUNCTION("XLOOKUP(B24, IMPORTRANGE(""https://docs.google.com/spreadsheets/d/1UUC6R1hVFPCYDEbJMIXaIBW-jeQYiKTRixeKD_tUHGw/edit?gid=0#gid=0"", ""List!B:B""), IMPORTRANGE(""https://docs.google.com/spreadsheets/d/1UUC6R1hVFPCYDEbJMIXaIBW-jeQYiKTRixeKD_tUHGw/edit?gid=0#"&"gid=0"", ""List!C:C""), ""-"")"),"NITHIKAA M") -> NITHIKAA M | D24: =IFERROR(__xludf.DUMMYFUNCTION("XLOOKUP(B24, IMPORTRANGE(""https://docs.google.com/spreadsheets/d/1UUC6R1hVFPCYDEbJMIXaIBW-jeQYiKTRixeKD_tUHGw/edit?gid=0#gid=0"", ""List!B:B""), IMPORTRANGE(""https://docs.google.com/spreadsheets/d/1UUC6R1hVFPCYDEbJMIXaIBW-jeQYiKTRixeKD_tUHGw/edit?gid=0#"&"gid=0"", ""List!D:D""), ""-"")"),"COMPUTER SCIENCE AND ENGINEERING") -> COMPUTER SCIENCE AND ENGINEERING | E24: Workhall | F24: 5 | G24: Joined | H24: Offline | I24: ITP | J24: Allow for Double the package | K24: =IFERROR(__xludf.DUMMYFUNCTION("XLOOKUP(B24, IMPORTRANGE(""https://docs.google.com/spreadsheets/d/1GpX_8hJc54hBz8KrakqcWdiXAS6pjY1zWE_9fWBXnEM/edit?gid=1460649486#gid=1460649486"", ""List!B:B""), IMPORTRANGE(""https://docs.google.com/spreadsheets/d/1GpX_8hJc54hBz8KrakqcWdiXAS6pjY1zWE_9f"&"WBXnEM/edit?gid=1460649486#gid=1460649486"", ""List!E:E""), ""-"")"),"nithikaa.cs23@bitsathy.ac.in") -> nithikaa.cs23@bitsathy.ac.in | L24: =IFERROR(__xludf.DUMMYFUNCTION("XLOOKUP(B24, IMPORTRANGE(""https://docs.google.com/spreadsheets/d/1GpX_8hJc54hBz8KrakqcWdiXAS6pjY1zWE_9fWBXnEM/edit?gid=1460649486#gid=1460649486"", ""List!B:B""), IMPORTRANGE(""https://docs.google.com/spreadsheets/d/1GpX_8hJc54hBz8KrakqcWdiXAS6pjY1zWE_9f"&"WBXnEM/edit?gid=1460649486#gid=1460649486"", ""List!G:G""), ""-"")"),"9025623528") -> 9025623528 | M24: T&P | N24: 07.02.2026 | O24: 09.02.2026 | R24: YES
A25: 24 | B25: 7376231CS329 | C25: =IFERROR(__xludf.DUMMYFUNCTION("XLOOKUP(B25, IMPORTRANGE(""https://docs.google.com/spreadsheets/d/1UUC6R1hVFPCYDEbJMIXaIBW-jeQYiKTRixeKD_tUHGw/edit?gid=0#gid=0"", ""List!B:B""), IMPORTRANGE(""https://docs.google.com/spreadsheets/d/1UUC6R1hVFPCYDEbJMIXaIBW-jeQYiKTRixeKD_tUHGw/edit?gid=0#"&"gid=0"", ""List!C:C""), ""-"")"),"SUWETHA V") -> SUWETHA V | D25: =IFERROR(__xludf.DUMMYFUNCTION("XLOOKUP(B25, IMPORTRANGE(""https://docs.google.com/spreadsheets/d/1UUC6R1hVFPCYDEbJMIXaIBW-jeQYiKTRixeKD_tUHGw/edit?gid=0#gid=0"", ""List!B:B""), IMPORTRANGE(""https://docs.google.com/spreadsheets/d/1UUC6R1hVFPCYDEbJMIXaIBW-jeQYiKTRixeKD_tUHGw/edit?gid=0#"&"gid=0"", ""List!D:D""), ""-"")"),"COMPUTER SCIENCE AND ENGINEERING") -> COMPUTER SCIENCE AND ENGINEERING | E25: Workhall | F25: 5 | G25: Joined | H25: Offline | I25: ITP | J25: Allow for Double the package | K25: =IFERROR(__xludf.DUMMYFUNCTION("XLOOKUP(B25, IMPORTRANGE(""https://docs.google.com/spreadsheets/d/1GpX_8hJc54hBz8KrakqcWdiXAS6pjY1zWE_9fWBXnEM/edit?gid=1460649486#gid=1460649486"", ""List!B:B""), IMPORTRANGE(""https://docs.google.com/spreadsheets/d/1GpX_8hJc54hBz8KrakqcWdiXAS6pjY1zWE_9f"&"WBXnEM/edit?gid=1460649486#gid=1460649486"", ""List!E:E""), ""-"")"),"suwetha.cs23@bitsathy.ac.in") -> suwetha.cs23@bitsathy.ac.in | L25: =IFERROR(__xludf.DUMMYFUNCTION("XLOOKUP(B25, IMPORTRANGE(""https://docs.google.com/spreadsheets/d/1GpX_8hJc54hBz8KrakqcWdiXAS6pjY1zWE_9fWBXnEM/edit?gid=1460649486#gid=1460649486"", ""List!B:B""), IMPORTRANGE(""https://docs.google.com/spreadsheets/d/1GpX_8hJc54hBz8KrakqcWdiXAS6pjY1zWE_9f"&"WBXnEM/edit?gid=1460649486#gid=1460649486"", ""List!G:G""), ""-"")"),"9994770979") -> 9994770979 | M25: T&P | N25: 07.02.2026 | O25: 09.02.2026 | R25: YES
A26: 25 | B26: 7376231EC106 | C26: =IFERROR(__xludf.DUMMYFUNCTION("XLOOKUP(B26, IMPORTRANGE(""https://docs.google.com/spreadsheets/d/1UUC6R1hVFPCYDEbJMIXaIBW-jeQYiKTRixeKD_tUHGw/edit?gid=0#gid=0"", ""List!B:B""), IMPORTRANGE(""https://docs.google.com/spreadsheets/d/1UUC6R1hVFPCYDEbJMIXaIBW-jeQYiKTRixeKD_tUHGw/edit?gid=0#"&"gid=0"", ""List!C:C""), ""-"")"),"AHMED ABU HURAIRAH M H") -> AHMED ABU HURAIRAH M H | D26: =IFERROR(__xludf.DUMMYFUNCTION("XLOOKUP(B26, IMPORTRANGE(""https://docs.google.com/spreadsheets/d/1UUC6R1hVFPCYDEbJMIXaIBW-jeQYiKTRixeKD_tUHGw/edit?gid=0#gid=0"", ""List!B:B""), IMPORTRANGE(""https://docs.google.com/spreadsheets/d/1UUC6R1hVFPCYDEbJMIXaIBW-jeQYiKTRixeKD_tUHGw/edit?gid=0#"&"gid=0"", ""List!D:D""), ""-"")"),"ELECTRONICS AND COMMUNICATION ENGINEERING") -> ELECTRONICS AND COMMUNICATION ENGINEERING | E26: Workhall | F26: 5 | G26: Joined | H26: Offline | I26: ITP | J26: Allow for Double the package | K26: =IFERROR(__xludf.DUMMYFUNCTION("XLOOKUP(B26, IMPORTRANGE(""https://docs.google.com/spreadsheets/d/1GpX_8hJc54hBz8KrakqcWdiXAS6pjY1zWE_9fWBXnEM/edit?gid=1460649486#gid=1460649486"", ""List!B:B""), IMPORTRANGE(""https://docs.google.com/spreadsheets/d/1GpX_8hJc54hBz8KrakqcWdiXAS6pjY1zWE_9f"&"WBXnEM/edit?gid=1460649486#gid=1460649486"", ""List!E:E""), ""-"")"),"ahmedabuhurairah.ec23@bitsathy.ac.in") -> ahmedabuhurairah.ec23@bitsathy.ac.in | L26: =IFERROR(__xludf.DUMMYFUNCTION("XLOOKUP(B26, IMPORTRANGE(""https://docs.google.com/spreadsheets/d/1GpX_8hJc54hBz8KrakqcWdiXAS6pjY1zWE_9fWBXnEM/edit?gid=1460649486#gid=1460649486"", ""List!B:B""), IMPORTRANGE(""https://docs.google.com/spreadsheets/d/1GpX_8hJc54hBz8KrakqcWdiXAS6pjY1zWE_9f"&"WBXnEM/edit?gid=1460649486#gid=1460649486"", ""List!G:G""), ""-"")"),"7010719460") -> 7010719460 | M26: T&P | N26: 07.02.2026 | O26: 09.02.2026 | R26: YES
A27: 26 | B27: 7376232IT203 | C27: =IFERROR(__xludf.DUMMYFUNCTION("XLOOKUP(B27, IMPORTRANGE(""https://docs.google.com/spreadsheets/d/1UUC6R1hVFPCYDEbJMIXaIBW-jeQYiKTRixeKD_tUHGw/edit?gid=0#gid=0"", ""List!B:B""), IMPORTRANGE(""https://docs.google.com/spreadsheets/d/1UUC6R1hVFPCYDEbJMIXaIBW-jeQYiKTRixeKD_tUHGw/edit?gid=0#"&"gid=0"", ""List!C:C""), ""-"")"),"MOHITH M") -> MOHITH M | D27: =IFERROR(__xludf.DUMMYFUNCTION("XLOOKUP(B27, IMPORTRANGE(""https://docs.google.com/spreadsheets/d/1UUC6R1hVFPCYDEbJMIXaIBW-jeQYiKTRixeKD_tUHGw/edit?gid=0#gid=0"", ""List!B:B""), IMPORTRANGE(""https://docs.google.com/spreadsheets/d/1UUC6R1hVFPCYDEbJMIXaIBW-jeQYiKTRixeKD_tUHGw/edit?gid=0#"&"gid=0"", ""List!D:D""), ""-"")"),"INFORMATION TECHNOLOGY") -> INFORMATION TECHNOLOGY | E27: Workhall | F27: 5 | G27: Joined | H27: Offline | I27: ITP | J27: Allow for Double the package | K27: =IFERROR(__xludf.DUMMYFUNCTION("XLOOKUP(B27, IMPORTRANGE(""https://docs.google.com/spreadsheets/d/1GpX_8hJc54hBz8KrakqcWdiXAS6pjY1zWE_9fWBXnEM/edit?gid=1460649486#gid=1460649486"", ""List!B:B""), IMPORTRANGE(""https://docs.google.com/spreadsheets/d/1GpX_8hJc54hBz8KrakqcWdiXAS6pjY1zWE_9f"&"WBXnEM/edit?gid=1460649486#gid=1460649486"", ""List!E:E""), ""-"")"),"mohith.it23@bitsathy.ac.in") -> mohith.it23@bitsathy.ac.in | L27: =IFERROR(__xludf.DUMMYFUNCTION("XLOOKUP(B27, IMPORTRANGE(""https://docs.google.com/spreadsheets/d/1GpX_8hJc54hBz8KrakqcWdiXAS6pjY1zWE_9fWBXnEM/edit?gid=1460649486#gid=1460649486"", ""List!B:B""), IMPORTRANGE(""https://docs.google.com/spreadsheets/d/1GpX_8hJc54hBz8KrakqcWdiXAS6pjY1zWE_9f"&"WBXnEM/edit?gid=1460649486#gid=1460649486"", ""List!G:G""), ""-"")"),"9025646624") -> 9025646624 | M27: T&P | N27: 07.02.2026 | O27: 09.02.2026 | R27: YES
A28: 27 | B28: 7376231CS347 | C28: =IFERROR(__xludf.DUMMYFUNCTION("XLOOKUP(B28, IMPORTRANGE(""https://docs.google.com/spreadsheets/d/1UUC6R1hVFPCYDEbJMIXaIBW-jeQYiKTRixeKD_tUHGw/edit?gid=0#gid=0"", ""List!B:B""), IMPORTRANGE(""https://docs.google.com/spreadsheets/d/1UUC6R1hVFPCYDEbJMIXaIBW-jeQYiKTRixeKD_tUHGw/edit?gid=0#"&"gid=0"", ""List!C:C""), ""-"")"),"VINITHA P") -> VINITHA P | D28: =IFERROR(__xludf.DUMMYFUNCTION("XLOOKUP(B28, IMPORTRANGE(""https://docs.google.com/spreadsheets/d/1UUC6R1hVFPCYDEbJMIXaIBW-jeQYiKTRixeKD_tUHGw/edit?gid=0#gid=0"", ""List!B:B""), IMPORTRANGE(""https://docs.google.com/spreadsheets/d/1UUC6R1hVFPCYDEbJMIXaIBW-jeQYiKTRixeKD_tUHGw/edit?gid=0#"&"gid=0"", ""List!D:D""), ""-"")"),"COMPUTER SCIENCE AND ENGINEERING") -> COMPUTER SCIENCE AND ENGINEERING | E28: Workhall | F28: 5 | G28: Joined | H28: Offline | I28: ITP | J28: Block | K28: =IFERROR(__xludf.DUMMYFUNCTION("XLOOKUP(B28, IMPORTRANGE(""https://docs.google.com/spreadsheets/d/1GpX_8hJc54hBz8KrakqcWdiXAS6pjY1zWE_9fWBXnEM/edit?gid=1460649486#gid=1460649486"", ""List!B:B""), IMPORTRANGE(""https://docs.google.com/spreadsheets/d/1GpX_8hJc54hBz8KrakqcWdiXAS6pjY1zWE_9f"&"WBXnEM/edit?gid=1460649486#gid=1460649486"", ""List!E:E""), ""-"")"),"vinitha.cs23@bitsathy.ac.in") -> vinitha.cs23@bitsathy.ac.in | L28: =IFERROR(__xludf.DUMMYFUNCTION("XLOOKUP(B28, IMPORTRANGE(""https://docs.google.com/spreadsheets/d/1GpX_8hJc54hBz8KrakqcWdiXAS6pjY1zWE_9fWBXnEM/edit?gid=1460649486#gid=1460649486"", ""List!B:B""), IMPORTRANGE(""https://docs.google.com/spreadsheets/d/1GpX_8hJc54hBz8KrakqcWdiXAS6pjY1zWE_9f"&"WBXnEM/edit?gid=1460649486#gid=1460649486"", ""List!G:G""), ""-"")"),"8610203559") -> 8610203559 | M28: T&P | N28: 07.02.2026 | O28: 09.02.2026 | R28: YES
A29: 28 | B29: 7376231CS345 | C29: =IFERROR(__xludf.DUMMYFUNCTION("XLOOKUP(B29, IMPORTRANGE(""https://docs.google.com/spreadsheets/d/1UUC6R1hVFPCYDEbJMIXaIBW-jeQYiKTRixeKD_tUHGw/edit?gid=0#gid=0"", ""List!B:B""), IMPORTRANGE(""https://docs.google.com/spreadsheets/d/1UUC6R1hVFPCYDEbJMIXaIBW-jeQYiKTRixeKD_tUHGw/edit?gid=0#"&"gid=0"", ""List!C:C""), ""-"")"),"VIJAY KRISHNAA P") -> VIJAY KRISHNAA P | D29: =IFERROR(__xludf.DUMMYFUNCTION("XLOOKUP(B29, IMPORTRANGE(""https://docs.google.com/spreadsheets/d/1UUC6R1hVFPCYDEbJMIXaIBW-jeQYiKTRixeKD_tUHGw/edit?gid=0#gid=0"", ""List!B:B""), IMPORTRANGE(""https://docs.google.com/spreadsheets/d/1UUC6R1hVFPCYDEbJMIXaIBW-jeQYiKTRixeKD_tUHGw/edit?gid=0#"&"gid=0"", ""List!D:D""), ""-"")"),"COMPUTER SCIENCE AND ENGINEERING") -> COMPUTER SCIENCE AND ENGINEERING | E29: Codemagen | F29: 6 | G29: Joined | I29: ITP | J29: Allow for Double the package | K29: =IFERROR(__xludf.DUMMYFUNCTION("XLOOKUP(B29, IMPORTRANGE(""https://docs.google.com/spreadsheets/d/1GpX_8hJc54hBz8KrakqcWdiXAS6pjY1zWE_9fWBXnEM/edit?gid=1460649486#gid=1460649486"", ""List!B:B""), IMPORTRANGE(""https://docs.google.com/spreadsheets/d/1GpX_8hJc54hBz8KrakqcWdiXAS6pjY1zWE_9f"&"WBXnEM/edit?gid=1460649486#gid=1460649486"", ""List!E:E""), ""-"")"),"vijaykrishnaa.cs23@bitsathy.ac.in") -> vijaykrishnaa.cs23@bitsathy.ac.in | L29: =IFERROR(__xludf.DUMMYFUNCTION("XLOOKUP(B29, IMPORTRANGE(""https://docs.google.com/spreadsheets/d/1GpX_8hJc54hBz8KrakqcWdiXAS6pjY1zWE_9fWBXnEM/edit?gid=1460649486#gid=1460649486"", ""List!B:B""), IMPORTRANGE(""https://docs.google.com/spreadsheets/d/1GpX_8hJc54hBz8KrakqcWdiXAS6pjY1zWE_9f"&"WBXnEM/edit?gid=1460649486#gid=1460649486"", ""List!G:G""), ""-"")"),"9025287330") -> 9025287330 | M29: T&P | N29: 24.02.2026 | O29: 02.03.2026
A30: 29 | B30: 7376231CS128 | C30: =IFERROR(__xludf.DUMMYFUNCTION("XLOOKUP(B30, IMPORTRANGE(""https://docs.google.com/spreadsheets/d/1UUC6R1hVFPCYDEbJMIXaIBW-jeQYiKTRixeKD_tUHGw/edit?gid=0#gid=0"", ""List!B:B""), IMPORTRANGE(""https://docs.google.com/spreadsheets/d/1UUC6R1hVFPCYDEbJMIXaIBW-jeQYiKTRixeKD_tUHGw/edit?gid=0#"&"gid=0"", ""List!C:C""), ""-"")"),"DAKSHATA R") -> DAKSHATA R | D30: =IFERROR(__xludf.DUMMYFUNCTION("XLOOKUP(B30, IMPORTRANGE(""https://docs.google.com/spreadsheets/d/1UUC6R1hVFPCYDEbJMIXaIBW-jeQYiKTRixeKD_tUHGw/edit?gid=0#gid=0"", ""List!B:B""), IMPORTRANGE(""https://docs.google.com/spreadsheets/d/1UUC6R1hVFPCYDEbJMIXaIBW-jeQYiKTRixeKD_tUHGw/edit?gid=0#"&"gid=0"", ""List!D:D""), ""-"")"),"COMPUTER SCIENCE AND ENGINEERING") -> COMPUTER SCIENCE AND ENGINEERING | E30: EQREV | F30: 5 | G30: Joined | I30: ITP | J30: Allow for Double the package | K30: =IFERROR(__xludf.DUMMYFUNCTION("XLOOKUP(B30, IMPORTRANGE(""https://docs.google.com/spreadsheets/d/1GpX_8hJc54hBz8KrakqcWdiXAS6pjY1zWE_9fWBXnEM/edit?gid=1460649486#gid=1460649486"", ""List!B:B""), IMPORTRANGE(""https://docs.google.com/spreadsheets/d/1GpX_8hJc54hBz8KrakqcWdiXAS6pjY1zWE_9f"&"WBXnEM/edit?gid=1460649486#gid=1460649486"", ""List!E:E""), ""-"")"),"dakshata.cs23@bitsathy.ac.in") -> dakshata.cs23@bitsathy.ac.in | L30: =IFERROR(__xludf.DUMMYFUNCTION("XLOOKUP(B30, IMPORTRANGE(""https://docs.google.com/spreadsheets/d/1GpX_8hJc54hBz8KrakqcWdiXAS6pjY1zWE_9fWBXnEM/edit?gid=1460649486#gid=1460649486"", ""List!B:B""), IMPORTRANGE(""https://docs.google.com/spreadsheets/d/1GpX_8hJc54hBz8KrakqcWdiXAS6pjY1zWE_9f"&"WBXnEM/edit?gid=1460649486#gid=1460649486"", ""List!G:G""), ""-"")"),"8344831834") -> 8344831834 | M30: T&P | N30: 24.02.2026 | O30: 02.03.2026 | V30: DAKSHATA.pdf
A31: 30 | B31: 7376232FT108 | C31: =IFERROR(__xludf.DUMMYFUNCTION("XLOOKUP(B31, IMPORTRANGE(""https://docs.google.com/spreadsheets/d/1UUC6R1hVFPCYDEbJMIXaIBW-jeQYiKTRixeKD_tUHGw/edit?gid=0#gid=0"", ""List!B:B""), IMPORTRANGE(""https://docs.google.com/spreadsheets/d/1UUC6R1hVFPCYDEbJMIXaIBW-jeQYiKTRixeKD_tUHGw/edit?gid=0#"&"gid=0"", ""List!C:C""), ""-"")"),"KEERTHANA K") -> KEERTHANA K | D31: =IFERROR(__xludf.DUMMYFUNCTION("XLOOKUP(B31, IMPORTRANGE(""https://docs.google.com/spreadsheets/d/1UUC6R1hVFPCYDEbJMIXaIBW-jeQYiKTRixeKD_tUHGw/edit?gid=0#gid=0"", ""List!B:B""), IMPORTRANGE(""https://docs.google.com/spreadsheets/d/1UUC6R1hVFPCYDEbJMIXaIBW-jeQYiKTRixeKD_tUHGw/edit?gid=0#"&"gid=0"", ""List!D:D""), ""-"")"),"FASHION TECHNOLOGY") -> FASHION TECHNOLOGY | E31: RSJ Inspection | F31: 3 | G31: Joined | H31: Offline | I31: CORE | J31: Allow for Double the package | K31: =IFERROR(__xludf.DUMMYFUNCTION("XLOOKUP(B31, IMPORTRANGE(""https://docs.google.com/spreadsheets/d/1GpX_8hJc54hBz8KrakqcWdiXAS6pjY1zWE_9fWBXnEM/edit?gid=1460649486#gid=1460649486"", ""List!B:B""), IMPORTRANGE(""https://docs.google.com/spreadsheets/d/1GpX_8hJc54hBz8KrakqcWdiXAS6pjY1zWE_9f"&"WBXnEM/edit?gid=1460649486#gid=1460649486"", ""List!E:E""), ""-"")"),"keerthana.ft23@bitsathy.ac.in") -> keerthana.ft23@bitsathy.ac.in | L31: =IFERROR(__xludf.DUMMYFUNCTION("XLOOKUP(B31, IMPORTRANGE(""https://docs.google.com/spreadsheets/d/1GpX_8hJc54hBz8KrakqcWdiXAS6pjY1zWE_9fWBXnEM/edit?gid=1460649486#gid=1460649486"", ""List!B:B""), IMPORTRANGE(""https://docs.google.com/spreadsheets/d/1GpX_8hJc54hBz8KrakqcWdiXAS6pjY1zWE_9f"&"WBXnEM/edit?gid=1460649486#gid=1460649486"", ""List!G:G""), ""-"")"),"9025686243") -> 9025686243 | M31: T&P | N31: 28.02.2026 | O31: 05.03.2026
A32: 31 | B32: 7376232FT111 | C32: =IFERROR(__xludf.DUMMYFUNCTION("XLOOKUP(B32, IMPORTRANGE(""https://docs.google.com/spreadsheets/d/1UUC6R1hVFPCYDEbJMIXaIBW-jeQYiKTRixeKD_tUHGw/edit?gid=0#gid=0"", ""List!B:B""), IMPORTRANGE(""https://docs.google.com/spreadsheets/d/1UUC6R1hVFPCYDEbJMIXaIBW-jeQYiKTRixeKD_tUHGw/edit?gid=0#"&"gid=0"", ""List!C:C""), ""-"")"),"MANISHA A") -> MANISHA A | D32: =IFERROR(__xludf.DUMMYFUNCTION("XLOOKUP(B32, IMPORTRANGE(""https://docs.google.com/spreadsheets/d/1UUC6R1hVFPCYDEbJMIXaIBW-jeQYiKTRixeKD_tUHGw/edit?gid=0#gid=0"", ""List!B:B""), IMPORTRANGE(""https://docs.google.com/spreadsheets/d/1UUC6R1hVFPCYDEbJMIXaIBW-jeQYiKTRixeKD_tUHGw/edit?gid=0#"&"gid=0"", ""List!D:D""), ""-"")"),"FASHION TECHNOLOGY") -> FASHION TECHNOLOGY | E32: RSJ Inspection | F32: 3 | G32: Joined | H32: Offline | I32: CORE | J32: Allow for Double the package | K32: =IFERROR(__xludf.DUMMYFUNCTION("XLOOKUP(B32, IMPORTRANGE(""https://docs.google.com/spreadsheets/d/1GpX_8hJc54hBz8KrakqcWdiXAS6pjY1zWE_9fWBXnEM/edit?gid=1460649486#gid=1460649486"", ""List!B:B""), IMPORTRANGE(""https://docs.google.com/spreadsheets/d/1GpX_8hJc54hBz8KrakqcWdiXAS6pjY1zWE_9f"&"WBXnEM/edit?gid=1460649486#gid=1460649486"", ""List!E:E""), ""-"")"),"manisha.ft23@bitsathy.ac.in") -> manisha.ft23@bitsathy.ac.in | L32: =IFERROR(__xludf.DUMMYFUNCTION("XLOOKUP(B32, IMPORTRANGE(""https://docs.google.com/spreadsheets/d/1GpX_8hJc54hBz8KrakqcWdiXAS6pjY1zWE_9fWBXnEM/edit?gid=1460649486#gid=1460649486"", ""List!B:B""), IMPORTRANGE(""https://docs.google.com/spreadsheets/d/1GpX_8hJc54hBz8KrakqcWdiXAS6pjY1zWE_9f"&"WBXnEM/edit?gid=1460649486#gid=1460649486"", ""List!G:G""), ""-"")"),"7200616146") -> 7200616146 | M32: T&P | N32: 28.02.2026 | O32: 05.03.2026
A33: 32 | B33: 7376232FT117 | C33: =IFERROR(__xludf.DUMMYFUNCTION("XLOOKUP(B33, IMPORTRANGE(""https://docs.google.com/spreadsheets/d/1UUC6R1hVFPCYDEbJMIXaIBW-jeQYiKTRixeKD_tUHGw/edit?gid=0#gid=0"", ""List!B:B""), IMPORTRANGE(""https://docs.google.com/spreadsheets/d/1UUC6R1hVFPCYDEbJMIXaIBW-jeQYiKTRixeKD_tUHGw/edit?gid=0#"&"gid=0"", ""List!C:C""), ""-"")"),"SARVIKA M K") -> SARVIKA M K | D33: =IFERROR(__xludf.DUMMYFUNCTION("XLOOKUP(B33, IMPORTRANGE(""https://docs.google.com/spreadsheets/d/1UUC6R1hVFPCYDEbJMIXaIBW-jeQYiKTRixeKD_tUHGw/edit?gid=0#gid=0"", ""List!B:B""), IMPORTRANGE(""https://docs.google.com/spreadsheets/d/1UUC6R1hVFPCYDEbJMIXaIBW-jeQYiKTRixeKD_tUHGw/edit?gid=0#"&"gid=0"", ""List!D:D""), ""-"")"),"FASHION TECHNOLOGY") -> FASHION TECHNOLOGY | E33: RSJ Inspection | F33: 3 | G33: Joined | H33: Offline | I33: CORE | J33: Allow for Double the package | K33: =IFERROR(__xludf.DUMMYFUNCTION("XLOOKUP(B33, IMPORTRANGE(""https://docs.google.com/spreadsheets/d/1GpX_8hJc54hBz8KrakqcWdiXAS6pjY1zWE_9fWBXnEM/edit?gid=1460649486#gid=1460649486"", ""List!B:B""), IMPORTRANGE(""https://docs.google.com/spreadsheets/d/1GpX_8hJc54hBz8KrakqcWdiXAS6pjY1zWE_9f"&"WBXnEM/edit?gid=1460649486#gid=1460649486"", ""List!E:E""), ""-"")"),"sarvika.ft23@bitsathy.ac.in") -> sarvika.ft23@bitsathy.ac.in | L33: =IFERROR(__xludf.DUMMYFUNCTION("XLOOKUP(B33, IMPORTRANGE(""https://docs.google.com/spreadsheets/d/1GpX_8hJc54hBz8KrakqcWdiXAS6pjY1zWE_9fWBXnEM/edit?gid=1460649486#gid=1460649486"", ""List!B:B""), IMPORTRANGE(""https://docs.google.com/spreadsheets/d/1GpX_8hJc54hBz8KrakqcWdiXAS6pjY1zWE_9f"&"WBXnEM/edit?gid=1460649486#gid=1460649486"", ""List!G:G""), ""-"")"),"9344517848") -> 9344517848 | M33: T&P | N33: 28.02.2026 | O33: 05.03.2026
A34: 33 | B34: 7376232FT118 | C34: =IFERROR(__xludf.DUMMYFUNCTION("XLOOKUP(B34, IMPORTRANGE(""https://docs.google.com/spreadsheets/d/1UUC6R1hVFPCYDEbJMIXaIBW-jeQYiKTRixeKD_tUHGw/edit?gid=0#gid=0"", ""List!B:B""), IMPORTRANGE(""https://docs.google.com/spreadsheets/d/1UUC6R1hVFPCYDEbJMIXaIBW-jeQYiKTRixeKD_tUHGw/edit?gid=0#"&"gid=0"", ""List!C:C""), ""-"")"),"SHREENITHI K G") -> SHREENITHI K G | D34: =IFERROR(__xludf.DUMMYFUNCTION("XLOOKUP(B34, IMPORTRANGE(""https://docs.google.com/spreadsheets/d/1UUC6R1hVFPCYDEbJMIXaIBW-jeQYiKTRixeKD_tUHGw/edit?gid=0#gid=0"", ""List!B:B""), IMPORTRANGE(""https://docs.google.com/spreadsheets/d/1UUC6R1hVFPCYDEbJMIXaIBW-jeQYiKTRixeKD_tUHGw/edit?gid=0#"&"gid=0"", ""List!D:D""), ""-"")"),"FASHION TECHNOLOGY") -> FASHION TECHNOLOGY | E34: RSJ Inspection | F34: 3 | G34: Joined | H34: Offline | I34: CORE | J34: Allow for Double the package | K34: =IFERROR(__xludf.DUMMYFUNCTION("XLOOKUP(B34, IMPORTRANGE(""https://docs.google.com/spreadsheets/d/1GpX_8hJc54hBz8KrakqcWdiXAS6pjY1zWE_9fWBXnEM/edit?gid=1460649486#gid=1460649486"", ""List!B:B""), IMPORTRANGE(""https://docs.google.com/spreadsheets/d/1GpX_8hJc54hBz8KrakqcWdiXAS6pjY1zWE_9f"&"WBXnEM/edit?gid=1460649486#gid=1460649486"", ""List!E:E""), ""-"")"),"shreenithi.ft23@bitsathy.ac.in") -> shreenithi.ft23@bitsathy.ac.in | L34: =IFERROR(__xludf.DUMMYFUNCTION("XLOOKUP(B34, IMPORTRANGE(""https://docs.google.com/spreadsheets/d/1GpX_8hJc54hBz8KrakqcWdiXAS6pjY1zWE_9fWBXnEM/edit?gid=1460649486#gid=1460649486"", ""List!B:B""), IMPORTRANGE(""https://docs.google.com/spreadsheets/d/1GpX_8hJc54hBz8KrakqcWdiXAS6pjY1zWE_9f"&"WBXnEM/edit?gid=1460649486#gid=1460649486"", ""List!G:G""), ""-"")"),"9842884989") -> 9842884989 | M34: T&P | N34: 28.02.2026 | O34: 05.03.2026
A35: 34 | B35: 7376232FT119 | C35: =IFERROR(__xludf.DUMMYFUNCTION("XLOOKUP(B35, IMPORTRANGE(""https://docs.google.com/spreadsheets/d/1UUC6R1hVFPCYDEbJMIXaIBW-jeQYiKTRixeKD_tUHGw/edit?gid=0#gid=0"", ""List!B:B""), IMPORTRANGE(""https://docs.google.com/spreadsheets/d/1UUC6R1hVFPCYDEbJMIXaIBW-jeQYiKTRixeKD_tUHGw/edit?gid=0#"&"gid=0"", ""List!C:C""), ""-"")"),"SIVA GANGA S") -> SIVA GANGA S | D35: =IFERROR(__xludf.DUMMYFUNCTION("XLOOKUP(B35, IMPORTRANGE(""https://docs.google.com/spreadsheets/d/1UUC6R1hVFPCYDEbJMIXaIBW-jeQYiKTRixeKD_tUHGw/edit?gid=0#gid=0"", ""List!B:B""), IMPORTRANGE(""https://docs.google.com/spreadsheets/d/1UUC6R1hVFPCYDEbJMIXaIBW-jeQYiKTRixeKD_tUHGw/edit?gid=0#"&"gid=0"", ""List!D:D""), ""-"")"),"FASHION TECHNOLOGY") -> FASHION TECHNOLOGY | E35: RSJ Inspection | F35: 3 | G35: Joined | H35: Offline | I35: CORE | J35: Allow for Double the package | K35: =IFERROR(__xludf.DUMMYFUNCTION("XLOOKUP(B35, IMPORTRANGE(""https://docs.google.com/spreadsheets/d/1GpX_8hJc54hBz8KrakqcWdiXAS6pjY1zWE_9fWBXnEM/edit?gid=1460649486#gid=1460649486"", ""List!B:B""), IMPORTRANGE(""https://docs.google.com/spreadsheets/d/1GpX_8hJc54hBz8KrakqcWdiXAS6pjY1zWE_9f"&"WBXnEM/edit?gid=1460649486#gid=1460649486"", ""List!E:E""), ""-"")"),"sivaganga.ft23@bitsathy.ac.in") -> sivaganga.ft23@bitsathy.ac.in | L35: =IFERROR(__xludf.DUMMYFUNCTION("XLOOKUP(B35, IMPORTRANGE(""https://docs.google.com/spreadsheets/d/1GpX_8hJc54hBz8KrakqcWdiXAS6pjY1zWE_9fWBXnEM/edit?gid=1460649486#gid=1460649486"", ""List!B:B""), IMPORTRANGE(""https://docs.google.com/spreadsheets/d/1GpX_8hJc54hBz8KrakqcWdiXAS6pjY1zWE_9f"&"WBXnEM/edit?gid=1460649486#gid=1460649486"", ""List!G:G""), ""-"")"),"9697576633") -> 9697576633 | M35: T&P | N35: 28.02.2026 | O35: 05.03.2026
A36: 35 | B36: 7376231CS112 | C36: =IFERROR(__xludf.DUMMYFUNCTION("XLOOKUP(B36, IMPORTRANGE(""https://docs.google.com/spreadsheets/d/1UUC6R1hVFPCYDEbJMIXaIBW-jeQYiKTRixeKD_tUHGw/edit?gid=0#gid=0"", ""List!B:B""), IMPORTRANGE(""https://docs.google.com/spreadsheets/d/1UUC6R1hVFPCYDEbJMIXaIBW-jeQYiKTRixeKD_tUHGw/edit?gid=0#"&"gid=0"", ""List!C:C""), ""-"")"),"ANBU SELVAM S") -> ANBU SELVAM S | D36: =IFERROR(__xludf.DUMMYFUNCTION("XLOOKUP(B36, IMPORTRANGE(""https://docs.google.com/spreadsheets/d/1UUC6R1hVFPCYDEbJMIXaIBW-jeQYiKTRixeKD_tUHGw/edit?gid=0#gid=0"", ""List!B:B""), IMPORTRANGE(""https://docs.google.com/spreadsheets/d/1UUC6R1hVFPCYDEbJMIXaIBW-jeQYiKTRixeKD_tUHGw/edit?gid=0#"&"gid=0"", ""List!D:D""), ""-"")"),"COMPUTER SCIENCE AND ENGINEERING") -> COMPUTER SCIENCE AND ENGINEERING | E36: IDP Education | F36: 6 | G36: Joined | H36: Offline | I36: ITP | J36: Allow | K36: =IFERROR(__xludf.DUMMYFUNCTION("XLOOKUP(B36, IMPORTRANGE(""https://docs.google.com/spreadsheets/d/1GpX_8hJc54hBz8KrakqcWdiXAS6pjY1zWE_9fWBXnEM/edit?gid=1460649486#gid=1460649486"", ""List!B:B""), IMPORTRANGE(""https://docs.google.com/spreadsheets/d/1GpX_8hJc54hBz8KrakqcWdiXAS6pjY1zWE_9f"&"WBXnEM/edit?gid=1460649486#gid=1460649486"", ""List!E:E""), ""-"")"),"anbuselvam.cs23@bitsathy.ac.in") -> anbuselvam.cs23@bitsathy.ac.in | L36: =IFERROR(__xludf.DUMMYFUNCTION("XLOOKUP(B36, IMPORTRANGE(""https://docs.google.com/spreadsheets/d/1GpX_8hJc54hBz8KrakqcWdiXAS6pjY1zWE_9fWBXnEM/edit?gid=1460649486#gid=1460649486"", ""List!B:B""), IMPORTRANGE(""https://docs.google.com/spreadsheets/d/1GpX_8hJc54hBz8KrakqcWdiXAS6pjY1zWE_9f"&"WBXnEM/edit?gid=1460649486#gid=1460649486"", ""List!G:G""), ""-"")"),"8122969582") -> 8122969582 | M36: T&P | N36: 11.03.2026
A37: 36 | B37: 7376231EC130 | C37: =IFERROR(__xludf.DUMMYFUNCTION("XLOOKUP(B37, IMPORTRANGE(""https://docs.google.com/spreadsheets/d/1UUC6R1hVFPCYDEbJMIXaIBW-jeQYiKTRixeKD_tUHGw/edit?gid=0#gid=0"", ""List!B:B""), IMPORTRANGE(""https://docs.google.com/spreadsheets/d/1UUC6R1hVFPCYDEbJMIXaIBW-jeQYiKTRixeKD_tUHGw/edit?gid=0#"&"gid=0"", ""List!C:C""), ""-"")"),"DARSANI T S") -> DARSANI T S | D37: =IFERROR(__xludf.DUMMYFUNCTION("XLOOKUP(B37, IMPORTRANGE(""https://docs.google.com/spreadsheets/d/1UUC6R1hVFPCYDEbJMIXaIBW-jeQYiKTRixeKD_tUHGw/edit?gid=0#gid=0"", ""List!B:B""), IMPORTRANGE(""https://docs.google.com/spreadsheets/d/1UUC6R1hVFPCYDEbJMIXaIBW-jeQYiKTRixeKD_tUHGw/edit?gid=0#"&"gid=0"", ""List!D:D""), ""-"")"),"ELECTRONICS AND COMMUNICATION ENGINEERING") -> ELECTRONICS AND COMMUNICATION ENGINEERING | E37: IDP Education | F37: 6 | G37: Joined | H37: Offline | I37: ITP | J37: Allow | K37: =IFERROR(__xludf.DUMMYFUNCTION("XLOOKUP(B37, IMPORTRANGE(""https://docs.google.com/spreadsheets/d/1GpX_8hJc54hBz8KrakqcWdiXAS6pjY1zWE_9fWBXnEM/edit?gid=1460649486#gid=1460649486"", ""List!B:B""), IMPORTRANGE(""https://docs.google.com/spreadsheets/d/1GpX_8hJc54hBz8KrakqcWdiXAS6pjY1zWE_9f"&"WBXnEM/edit?gid=1460649486#gid=1460649486"", ""List!E:E""), ""-"")"),"darsani.ec23@bitsathy.ac.in") -> darsani.ec23@bitsathy.ac.in | L37: =IFERROR(__xludf.DUMMYFUNCTION("XLOOKUP(B37, IMPORTRANGE(""https://docs.google.com/spreadsheets/d/1GpX_8hJc54hBz8KrakqcWdiXAS6pjY1zWE_9fWBXnEM/edit?gid=1460649486#gid=1460649486"", ""List!B:B""), IMPORTRANGE(""https://docs.google.com/spreadsheets/d/1GpX_8hJc54hBz8KrakqcWdiXAS6pjY1zWE_9f"&"WBXnEM/edit?gid=1460649486#gid=1460649486"", ""List!G:G""), ""-"")"),"8072964586") -> 8072964586 | M37: T&P | N37: 11.03.2026
A38: 37 | B38: 7376231CS130 | C38: =IFERROR(__xludf.DUMMYFUNCTION("XLOOKUP(B38, IMPORTRANGE(""https://docs.google.com/spreadsheets/d/1UUC6R1hVFPCYDEbJMIXaIBW-jeQYiKTRixeKD_tUHGw/edit?gid=0#gid=0"", ""List!B:B""), IMPORTRANGE(""https://docs.google.com/spreadsheets/d/1UUC6R1hVFPCYDEbJMIXaIBW-jeQYiKTRixeKD_tUHGw/edit?gid=0#"&"gid=0"", ""List!C:C""), ""-"")"),"DEEPAK GANESAMURTHI SUSEELA") -> DEEPAK GANESAMURTHI SUSEELA | D38: =IFERROR(__xludf.DUMMYFUNCTION("XLOOKUP(B38, IMPORTRANGE(""https://docs.google.com/spreadsheets/d/1UUC6R1hVFPCYDEbJMIXaIBW-jeQYiKTRixeKD_tUHGw/edit?gid=0#gid=0"", ""List!B:B""), IMPORTRANGE(""https://docs.google.com/spreadsheets/d/1UUC6R1hVFPCYDEbJMIXaIBW-jeQYiKTRixeKD_tUHGw/edit?gid=0#"&"gid=0"", ""List!D:D""), ""-"")"),"COMPUTER SCIENCE AND ENGINEERING") -> COMPUTER SCIENCE AND ENGINEERING | E38: IDP Education | F38: 6 | G38: Joined | H38: Offline | I38: ITP | J38: Allow | K38: =IFERROR(__xludf.DUMMYFUNCTION("XLOOKUP(B38, IMPORTRANGE(""https://docs.google.com/spreadsheets/d/1GpX_8hJc54hBz8KrakqcWdiXAS6pjY1zWE_9fWBXnEM/edit?gid=1460649486#gid=1460649486"", ""List!B:B""), IMPORTRANGE(""https://docs.google.com/spreadsheets/d/1GpX_8hJc54hBz8KrakqcWdiXAS6pjY1zWE_9f"&"WBXnEM/edit?gid=1460649486#gid=1460649486"", ""List!E:E""), ""-"")"),"deepak.cs23@bitsathy.ac.in") -> deepak.cs23@bitsathy.ac.in | L38: =IFERROR(__xludf.DUMMYFUNCTION("XLOOKUP(B38, IMPORTRANGE(""https://docs.google.com/spreadsheets/d/1GpX_8hJc54hBz8KrakqcWdiXAS6pjY1zWE_9fWBXnEM/edit?gid=1460649486#gid=1460649486"", ""List!B:B""), IMPORTRANGE(""https://docs.google.com/spreadsheets/d/1GpX_8hJc54hBz8KrakqcWdiXAS6pjY1zWE_9f"&"WBXnEM/edit?gid=1460649486#gid=1460649486"", ""List!G:G""), ""-"")"),"9080458494") -> 9080458494 | M38: T&P | N38: 11.03.2026
A39: 38 | B39: 7376231EC133 | C39: =IFERROR(__xludf.DUMMYFUNCTION("XLOOKUP(B39, IMPORTRANGE(""https://docs.google.com/spreadsheets/d/1UUC6R1hVFPCYDEbJMIXaIBW-jeQYiKTRixeKD_tUHGw/edit?gid=0#gid=0"", ""List!B:B""), IMPORTRANGE(""https://docs.google.com/spreadsheets/d/1UUC6R1hVFPCYDEbJMIXaIBW-jeQYiKTRixeKD_tUHGw/edit?gid=0#"&"gid=0"", ""List!C:C""), ""-"")"),"DHANU SHRI V") -> DHANU SHRI V | D39: =IFERROR(__xludf.DUMMYFUNCTION("XLOOKUP(B39, IMPORTRANGE(""https://docs.google.com/spreadsheets/d/1UUC6R1hVFPCYDEbJMIXaIBW-jeQYiKTRixeKD_tUHGw/edit?gid=0#gid=0"", ""List!B:B""), IMPORTRANGE(""https://docs.google.com/spreadsheets/d/1UUC6R1hVFPCYDEbJMIXaIBW-jeQYiKTRixeKD_tUHGw/edit?gid=0#"&"gid=0"", ""List!D:D""), ""-"")"),"ELECTRONICS AND COMMUNICATION ENGINEERING") -> ELECTRONICS AND COMMUNICATION ENGINEERING | E39: IDP Education | F39: 6 | G39: Joined | H39: Offline | I39: ITP | J39: Allow | K39: =IFERROR(__xludf.DUMMYFUNCTION("XLOOKUP(B39, IMPORTRANGE(""https://docs.google.com/spreadsheets/d/1GpX_8hJc54hBz8KrakqcWdiXAS6pjY1zWE_9fWBXnEM/edit?gid=1460649486#gid=1460649486"", ""List!B:B""), IMPORTRANGE(""https://docs.google.com/spreadsheets/d/1GpX_8hJc54hBz8KrakqcWdiXAS6pjY1zWE_9f"&"WBXnEM/edit?gid=1460649486#gid=1460649486"", ""List!E:E""), ""-"")"),"dhanushri.ec23@bitsathy.ac.in") -> dhanushri.ec23@bitsathy.ac.in | L39: =IFERROR(__xludf.DUMMYFUNCTION("XLOOKUP(B39, IMPORTRANGE(""https://docs.google.com/spreadsheets/d/1GpX_8hJc54hBz8KrakqcWdiXAS6pjY1zWE_9fWBXnEM/edit?gid=1460649486#gid=1460649486"", ""List!B:B""), IMPORTRANGE(""https://docs.google.com/spreadsheets/d/1GpX_8hJc54hBz8KrakqcWdiXAS6pjY1zWE_9f"&"WBXnEM/edit?gid=1460649486#gid=1460649486"", ""List!G:G""), ""-"")"),"6374129588") -> 6374129588 | M39: T&P | N39: 11.03.2026
A40: 39 | B40: 7376232CT109 | C40: =IFERROR(__xludf.DUMMYFUNCTION("XLOOKUP(B40, IMPORTRANGE(""https://docs.google.com/spreadsheets/d/1UUC6R1hVFPCYDEbJMIXaIBW-jeQYiKTRixeKD_tUHGw/edit?gid=0#gid=0"", ""List!B:B""), IMPORTRANGE(""https://docs.google.com/spreadsheets/d/1UUC6R1hVFPCYDEbJMIXaIBW-jeQYiKTRixeKD_tUHGw/edit?gid=0#"&"gid=0"", ""List!C:C""), ""-"")"),"DHARINEESH V") -> DHARINEESH V | D40: =IFERROR(__xludf.DUMMYFUNCTION("XLOOKUP(B40, IMPORTRANGE(""https://docs.google.com/spreadsheets/d/1UUC6R1hVFPCYDEbJMIXaIBW-jeQYiKTRixeKD_tUHGw/edit?gid=0#gid=0"", ""List!B:B""), IMPORTRANGE(""https://docs.google.com/spreadsheets/d/1UUC6R1hVFPCYDEbJMIXaIBW-jeQYiKTRixeKD_tUHGw/edit?gid=0#"&"gid=0"", ""List!D:D""), ""-"")"),"COMPUTER TECHNOLOGY") -> COMPUTER TECHNOLOGY | E40: IDP Education | F40: 6 | G40: Joined | H40: Offline | I40: ITP | J40: Allow | K40: =IFERROR(__xludf.DUMMYFUNCTION("XLOOKUP(B40, IMPORTRANGE(""https://docs.google.com/spreadsheets/d/1GpX_8hJc54hBz8KrakqcWdiXAS6pjY1zWE_9fWBXnEM/edit?gid=1460649486#gid=1460649486"", ""List!B:B""), IMPORTRANGE(""https://docs.google.com/spreadsheets/d/1GpX_8hJc54hBz8KrakqcWdiXAS6pjY1zWE_9f"&"WBXnEM/edit?gid=1460649486#gid=1460649486"", ""List!E:E""), ""-"")"),"dharineesh.ct23@bitsathy.ac.in") -> dharineesh.ct23@bitsathy.ac.in | L40: =IFERROR(__xludf.DUMMYFUNCTION("XLOOKUP(B40, IMPORTRANGE(""https://docs.google.com/spreadsheets/d/1GpX_8hJc54hBz8KrakqcWdiXAS6pjY1zWE_9fWBXnEM/edit?gid=1460649486#gid=1460649486"", ""List!B:B""), IMPORTRANGE(""https://docs.google.com/spreadsheets/d/1GpX_8hJc54hBz8KrakqcWdiXAS6pjY1zWE_9f"&"WBXnEM/edit?gid=1460649486#gid=1460649486"", ""List!G:G""), ""-"")"),"9715020320") -> 9715020320 | M40: T&P | N40: 11.03.2026
A41: 40 | B41: 7376241CS509 | C41: =IFERROR(__xludf.DUMMYFUNCTION("XLOOKUP(B41, IMPORTRANGE(""https://docs.google.com/spreadsheets/d/1UUC6R1hVFPCYDEbJMIXaIBW-jeQYiKTRixeKD_tUHGw/edit?gid=0#gid=0"", ""List!B:B""), IMPORTRANGE(""https://docs.google.com/spreadsheets/d/1UUC6R1hVFPCYDEbJMIXaIBW-jeQYiKTRixeKD_tUHGw/edit?gid=0#"&"gid=0"", ""List!C:C""), ""-"")"),"NATISH G") -> NATISH G | D41: =IFERROR(__xludf.DUMMYFUNCTION("XLOOKUP(B41, IMPORTRANGE(""https://docs.google.com/spreadsheets/d/1UUC6R1hVFPCYDEbJMIXaIBW-jeQYiKTRixeKD_tUHGw/edit?gid=0#gid=0"", ""List!B:B""), IMPORTRANGE(""https://docs.google.com/spreadsheets/d/1UUC6R1hVFPCYDEbJMIXaIBW-jeQYiKTRixeKD_tUHGw/edit?gid=0#"&"gid=0"", ""List!D:D""), ""-"")"),"COMPUTER SCIENCE AND ENGINEERING") -> COMPUTER SCIENCE AND ENGINEERING | E41: IDP Education | F41: 6 | G41: Joined | H41: Offline | I41: ITP | J41: Allow | K41: =IFERROR(__xludf.DUMMYFUNCTION("XLOOKUP(B41, IMPORTRANGE(""https://docs.google.com/spreadsheets/d/1GpX_8hJc54hBz8KrakqcWdiXAS6pjY1zWE_9fWBXnEM/edit?gid=1460649486#gid=1460649486"", ""List!B:B""), IMPORTRANGE(""https://docs.google.com/spreadsheets/d/1GpX_8hJc54hBz8KrakqcWdiXAS6pjY1zWE_9f"&"WBXnEM/edit?gid=1460649486#gid=1460649486"", ""List!E:E""), ""-"")"),"natishg.cs23@bitsathy.ac.in") -> natishg.cs23@bitsathy.ac.in | L41: =IFERROR(__xludf.DUMMYFUNCTION("XLOOKUP(B41, IMPORTRANGE(""https://docs.google.com/spreadsheets/d/1GpX_8hJc54hBz8KrakqcWdiXAS6pjY1zWE_9fWBXnEM/edit?gid=1460649486#gid=1460649486"", ""List!B:B""), IMPORTRANGE(""https://docs.google.com/spreadsheets/d/1GpX_8hJc54hBz8KrakqcWdiXAS6pjY1zWE_9f"&"WBXnEM/edit?gid=1460649486#gid=1460649486"", ""List!G:G""), ""-"")"),"9080691947") -> 9080691947 | M41: T&P | N41: 11.03.2026
A42: 41 | B42: 7376232FT105 | C42: =IFERROR(__xludf.DUMMYFUNCTION("XLOOKUP(B42, IMPORTRANGE(""https://docs.google.com/spreadsheets/d/1UUC6R1hVFPCYDEbJMIXaIBW-jeQYiKTRixeKD_tUHGw/edit?gid=0#gid=0"", ""List!B:B""), IMPORTRANGE(""https://docs.google.com/spreadsheets/d/1UUC6R1hVFPCYDEbJMIXaIBW-jeQYiKTRixeKD_tUHGw/edit?gid=0#"&"gid=0"", ""List!C:C""), ""-"")"),"INBASHREE B") -> INBASHREE B | D42: =IFERROR(__xludf.DUMMYFUNCTION("XLOOKUP(B42, IMPORTRANGE(""https://docs.google.com/spreadsheets/d/1UUC6R1hVFPCYDEbJMIXaIBW-jeQYiKTRixeKD_tUHGw/edit?gid=0#gid=0"", ""List!B:B""), IMPORTRANGE(""https://docs.google.com/spreadsheets/d/1UUC6R1hVFPCYDEbJMIXaIBW-jeQYiKTRixeKD_tUHGw/edit?gid=0#"&"gid=0"", ""List!D:D""), ""-"")"),"FASHION TECHNOLOGY") -> FASHION TECHNOLOGY | E42: Bassh Clothing | F42: 3 | G42: Joined | I42: CORE | J42: Allow for Double the package | K42: =IFERROR(__xludf.DUMMYFUNCTION("XLOOKUP(B42, IMPORTRANGE(""https://docs.google.com/spreadsheets/d/1GpX_8hJc54hBz8KrakqcWdiXAS6pjY1zWE_9fWBXnEM/edit?gid=1460649486#gid=1460649486"", ""List!B:B""), IMPORTRANGE(""https://docs.google.com/spreadsheets/d/1GpX_8hJc54hBz8KrakqcWdiXAS6pjY1zWE_9f"&"WBXnEM/edit?gid=1460649486#gid=1460649486"", ""List!E:E""), ""-"")"),"inbashreeb.ft23@bitsathy.ac.in") -> inbashreeb.ft23@bitsathy.ac.in | L42: =IFERROR(__xludf.DUMMYFUNCTION("XLOOKUP(B42, IMPORTRANGE(""https://docs.google.com/spreadsheets/d/1GpX_8hJc54hBz8KrakqcWdiXAS6pjY1zWE_9fWBXnEM/edit?gid=1460649486#gid=1460649486"", ""List!B:B""), IMPORTRANGE(""https://docs.google.com/spreadsheets/d/1GpX_8hJc54hBz8KrakqcWdiXAS6pjY1zWE_9f"&"WBXnEM/edit?gid=1460649486#gid=1460649486"", ""List!G:G""), ""-"")"),"9943772906") -> 9943772906 | M42: DEPT | N42: 13.03.2026
A43: 42 | B43: 7376231EI134 | C43: =IFERROR(__xludf.DUMMYFUNCTION("XLOOKUP(B43, IMPORTRANGE(""https://docs.google.com/spreadsheets/d/1UUC6R1hVFPCYDEbJMIXaIBW-jeQYiKTRixeKD_tUHGw/edit?gid=0#gid=0"", ""List!B:B""), IMPORTRANGE(""https://docs.google.com/spreadsheets/d/1UUC6R1hVFPCYDEbJMIXaIBW-jeQYiKTRixeKD_tUHGw/edit?gid=0#"&"gid=0"", ""List!C:C""), ""-"")"),"PRASANNA KUMAR S") -> PRASANNA KUMAR S | D43: =IFERROR(__xludf.DUMMYFUNCTION("XLOOKUP(B43, IMPORTRANGE(""https://docs.google.com/spreadsheets/d/1UUC6R1hVFPCYDEbJMIXaIBW-jeQYiKTRixeKD_tUHGw/edit?gid=0#gid=0"", ""List!B:B""), IMPORTRANGE(""https://docs.google.com/spreadsheets/d/1UUC6R1hVFPCYDEbJMIXaIBW-jeQYiKTRixeKD_tUHGw/edit?gid=0#"&"gid=0"", ""List!D:D""), ""-"")"),"ELECTRONICS AND INSTRUMENTATION ENGINEERING") -> ELECTRONICS AND INSTRUMENTATION ENGINEERING | E43: Killis Bird | F43: 4.25 | G43: Joined | I43: CORE | J43: Allow for Double the package | K43: =IFERROR(__xludf.DUMMYFUNCTION("XLOOKUP(B43, IMPORTRANGE(""https://docs.google.com/spreadsheets/d/1GpX_8hJc54hBz8KrakqcWdiXAS6pjY1zWE_9fWBXnEM/edit?gid=1460649486#gid=1460649486"", ""List!B:B""), IMPORTRANGE(""https://docs.google.com/spreadsheets/d/1GpX_8hJc54hBz8KrakqcWdiXAS6pjY1zWE_9f"&"WBXnEM/edit?gid=1460649486#gid=1460649486"", ""List!E:E""), ""-"")"),"prasannakumars.ei23@bitsathy.ac.in") -> prasannakumars.ei23@bitsathy.ac.in | L43: =IFERROR(__xludf.DUMMYFUNCTION("XLOOKUP(B43, IMPORTRANGE(""https://docs.google.com/spreadsheets/d/1GpX_8hJc54hBz8KrakqcWdiXAS6pjY1zWE_9fWBXnEM/edit?gid=1460649486#gid=1460649486"", ""List!B:B""), IMPORTRANGE(""https://docs.google.com/spreadsheets/d/1GpX_8hJc54hBz8KrakqcWdiXAS6pjY1zWE_9f"&"WBXnEM/edit?gid=1460649486#gid=1460649486"", ""List!G:G""), ""-"")"),"9042418426") -> 9042418426 | M43: DEPT | N43: 16.03.2026 | Y43: Prasanna kumar Internship-Employment offer letter.pdf
A44: 43 | B44: 7376231EC333 | C44: =IFERROR(__xludf.DUMMYFUNCTION("XLOOKUP(B44, IMPORTRANGE(""https://docs.google.com/spreadsheets/d/1UUC6R1hVFPCYDEbJMIXaIBW-jeQYiKTRixeKD_tUHGw/edit?gid=0#gid=0"", ""List!B:B""), IMPORTRANGE(""https://docs.google.com/spreadsheets/d/1UUC6R1hVFPCYDEbJMIXaIBW-jeQYiKTRixeKD_tUHGw/edit?gid=0#"&"gid=0"", ""List!C:C""), ""-"")"),"YASHWENTH RAJ G") -> YASHWENTH RAJ G | D44: =IFERROR(__xludf.DUMMYFUNCTION("XLOOKUP(B44, IMPORTRANGE(""https://docs.google.com/spreadsheets/d/1UUC6R1hVFPCYDEbJMIXaIBW-jeQYiKTRixeKD_tUHGw/edit?gid=0#gid=0"", ""List!B:B""), IMPORTRANGE(""https://docs.google.com/spreadsheets/d/1UUC6R1hVFPCYDEbJMIXaIBW-jeQYiKTRixeKD_tUHGw/edit?gid=0#"&"gid=0"", ""List!D:D""), ""-"")"),"ELECTRONICS AND COMMUNICATION ENGINEERING") -> ELECTRONICS AND COMMUNICATION ENGINEERING | E44: Killis Bird | F44: 4.25 | G44: Joined | I44: CORE | J44: Allow for Double the package | K44: =IFERROR(__xludf.DUMMYFUNCTION("XLOOKUP(B44, IMPORTRANGE(""https://docs.google.com/spreadsheets/d/1GpX_8hJc54hBz8KrakqcWdiXAS6pjY1zWE_9fWBXnEM/edit?gid=1460649486#gid=1460649486"", ""List!B:B""), IMPORTRANGE(""https://docs.google.com/spreadsheets/d/1GpX_8hJc54hBz8KrakqcWdiXAS6pjY1zWE_9f"&"WBXnEM/edit?gid=1460649486#gid=1460649486"", ""List!E:E""), ""-"")"),"yashwenthrajg.ec23@bitsathy.ac.in") -> yashwenthrajg.ec23@bitsathy.ac.in | L44: =IFERROR(__xludf.DUMMYFUNCTION("XLOOKUP(B44, IMPORTRANGE(""https://docs.google.com/spreadsheets/d/1GpX_8hJc54hBz8KrakqcWdiXAS6pjY1zWE_9fWBXnEM/edit?gid=1460649486#gid=1460649486"", ""List!B:B""), IMPORTRANGE(""https://docs.google.com/spreadsheets/d/1GpX_8hJc54hBz8KrakqcWdiXAS6pjY1zWE_9f"&"WBXnEM/edit?gid=1460649486#gid=1460649486"", ""List!G:G""), ""-"")"),"7417959990") -> 7417959990 | M44: DEPT | N44: 16.03.2026 | Y44: Yashweth Raj Internship-Employement offer letter.pdf
A45: 44 | B45: 7376231MZ133 | C45: =IFERROR(__xludf.DUMMYFUNCTION("XLOOKUP(B45, IMPORTRANGE(""https://docs.google.com/spreadsheets/d/1UUC6R1hVFPCYDEbJMIXaIBW-jeQYiKTRixeKD_tUHGw/edit?gid=0#gid=0"", ""List!B:B""), IMPORTRANGE(""https://docs.google.com/spreadsheets/d/1UUC6R1hVFPCYDEbJMIXaIBW-jeQYiKTRixeKD_tUHGw/edit?gid=0#"&"gid=0"", ""List!C:C""), ""-"")"),"PRAVEEN S") -> PRAVEEN S | D45: =IFERROR(__xludf.DUMMYFUNCTION("XLOOKUP(B45, IMPORTRANGE(""https://docs.google.com/spreadsheets/d/1UUC6R1hVFPCYDEbJMIXaIBW-jeQYiKTRixeKD_tUHGw/edit?gid=0#gid=0"", ""List!B:B""), IMPORTRANGE(""https://docs.google.com/spreadsheets/d/1UUC6R1hVFPCYDEbJMIXaIBW-jeQYiKTRixeKD_tUHGw/edit?gid=0#"&"gid=0"", ""List!D:D""), ""-"")"),"MECHATRONICS ENGINEERING") -> MECHATRONICS ENGINEERING | E45: Killis Bird | F45: 4.25 | G45: Joined | I45: CORE | J45: Allow for Double the package | K45: =IFERROR(__xludf.DUMMYFUNCTION("XLOOKUP(B45, IMPORTRANGE(""https://docs.google.com/spreadsheets/d/1GpX_8hJc54hBz8KrakqcWdiXAS6pjY1zWE_9fWBXnEM/edit?gid=1460649486#gid=1460649486"", ""List!B:B""), IMPORTRANGE(""https://docs.google.com/spreadsheets/d/1GpX_8hJc54hBz8KrakqcWdiXAS6pjY1zWE_9f"&"WBXnEM/edit?gid=1460649486#gid=1460649486"", ""List!E:E""), ""-"")"),"praveens.mz23@bitsathy.ac.in") -> praveens.mz23@bitsathy.ac.in | L45: =IFERROR(__xludf.DUMMYFUNCTION("XLOOKUP(B45, IMPORTRANGE(""https://docs.google.com/spreadsheets/d/1GpX_8hJc54hBz8KrakqcWdiXAS6pjY1zWE_9fWBXnEM/edit?gid=1460649486#gid=1460649486"", ""List!B:B""), IMPORTRANGE(""https://docs.google.com/spreadsheets/d/1GpX_8hJc54hBz8KrakqcWdiXAS6pjY1zWE_9f"&"WBXnEM/edit?gid=1460649486#gid=1460649486"", ""List!G:G""), ""-"")"),"6380049144") -> 6380049144 | M45: DEPT | N45: 16.03.2026 | Y45: Praveen Internship-Employement offer letter.pdf
A46: 45 | B46: 7376231EE117 | C46: =IFERROR(__xludf.DUMMYFUNCTION("XLOOKUP(B46, IMPORTRANGE(""https://docs.google.com/spreadsheets/d/1UUC6R1hVFPCYDEbJMIXaIBW-jeQYiKTRixeKD_tUHGw/edit?gid=0#gid=0"", ""List!B:B""), IMPORTRANGE(""https://docs.google.com/spreadsheets/d/1UUC6R1hVFPCYDEbJMIXaIBW-jeQYiKTRixeKD_tUHGw/edit?gid=0#"&"gid=0"", ""List!C:C""), ""-"")"),"GOWTHAM T") -> GOWTHAM T | D46: =IFERROR(__xludf.DUMMYFUNCTION("XLOOKUP(B46, IMPORTRANGE(""https://docs.google.com/spreadsheets/d/1UUC6R1hVFPCYDEbJMIXaIBW-jeQYiKTRixeKD_tUHGw/edit?gid=0#gid=0"", ""List!B:B""), IMPORTRANGE(""https://docs.google.com/spreadsheets/d/1UUC6R1hVFPCYDEbJMIXaIBW-jeQYiKTRixeKD_tUHGw/edit?gid=0#"&"gid=0"", ""List!D:D""), ""-"")"),"ELECTRICAL AND ELECTRONICS ENGINEERING") -> ELECTRICAL AND ELECTRONICS ENGINEERING | E46: Killis Bird | F46: 4.25 | G46: Joined | I46: CORE | J46: Allow for Double the package | K46: =IFERROR(__xludf.DUMMYFUNCTION("XLOOKUP(B46, IMPORTRANGE(""https://docs.google.com/spreadsheets/d/1GpX_8hJc54hBz8KrakqcWdiXAS6pjY1zWE_9fWBXnEM/edit?gid=1460649486#gid=1460649486"", ""List!B:B""), IMPORTRANGE(""https://docs.google.com/spreadsheets/d/1GpX_8hJc54hBz8KrakqcWdiXAS6pjY1zWE_9f"&"WBXnEM/edit?gid=1460649486#gid=1460649486"", ""List!E:E""), ""-"")"),"gowtham.ee23@bitsathy.ac.in") -> gowtham.ee23@bitsathy.ac.in | L46: =IFERROR(__xludf.DUMMYFUNCTION("XLOOKUP(B46, IMPORTRANGE(""https://docs.google.com/spreadsheets/d/1GpX_8hJc54hBz8KrakqcWdiXAS6pjY1zWE_9fWBXnEM/edit?gid=1460649486#gid=1460649486"", ""List!B:B""), IMPORTRANGE(""https://docs.google.com/spreadsheets/d/1GpX_8hJc54hBz8KrakqcWdiXAS6pjY1zWE_9f"&"WBXnEM/edit?gid=1460649486#gid=1460649486"", ""List!G:G""), ""-"")"),"9042416640") -> 9042416640 | M46: DEPT | N46: 16.03.2026 | Y46: Gowtham Internship-Employement offer letter.pdf
A47: 46 | B47: 7376231EC200 | C47: =IFERROR(__xludf.DUMMYFUNCTION("XLOOKUP(B47, IMPORTRANGE(""https://docs.google.com/spreadsheets/d/1UUC6R1hVFPCYDEbJMIXaIBW-jeQYiKTRixeKD_tUHGw/edit?gid=0#gid=0"", ""List!B:B""), IMPORTRANGE(""https://docs.google.com/spreadsheets/d/1UUC6R1hVFPCYDEbJMIXaIBW-jeQYiKTRixeKD_tUHGw/edit?gid=0#"&"gid=0"", ""List!C:C""), ""-"")"),"LUCKSHANA VR") -> LUCKSHANA VR | D47: =IFERROR(__xludf.DUMMYFUNCTION("XLOOKUP(B47, IMPORTRANGE(""https://docs.google.com/spreadsheets/d/1UUC6R1hVFPCYDEbJMIXaIBW-jeQYiKTRixeKD_tUHGw/edit?gid=0#gid=0"", ""List!B:B""), IMPORTRANGE(""https://docs.google.com/spreadsheets/d/1UUC6R1hVFPCYDEbJMIXaIBW-jeQYiKTRixeKD_tUHGw/edit?gid=0#"&"gid=0"", ""List!D:D""), ""-"")"),"ELECTRONICS AND COMMUNICATION ENGINEERING") -> ELECTRONICS AND COMMUNICATION ENGINEERING | E47: Killis Bird | F47: 4.25 | G47: Not Joined | I47: CORE | J47: Allow | K47: =IFERROR(__xludf.DUMMYFUNCTION("XLOOKUP(B47, IMPORTRANGE(""https://docs.google.com/spreadsheets/d/1GpX_8hJc54hBz8KrakqcWdiXAS6pjY1zWE_9fWBXnEM/edit?gid=1460649486#gid=1460649486"", ""List!B:B""), IMPORTRANGE(""https://docs.google.com/spreadsheets/d/1GpX_8hJc54hBz8KrakqcWdiXAS6pjY1zWE_9f"&"WBXnEM/edit?gid=1460649486#gid=1460649486"", ""List!E:E""), ""-"")"),"luckshana.ec23@bitsathy.ac.in") -> luckshana.ec23@bitsathy.ac.in | L47: =IFERROR(__xludf.DUMMYFUNCTION("XLOOKUP(B47, IMPORTRANGE(""https://docs.google.com/spreadsheets/d/1GpX_8hJc54hBz8KrakqcWdiXAS6pjY1zWE_9fWBXnEM/edit?gid=1460649486#gid=1460649486"", ""List!B:B""), IMPORTRANGE(""https://docs.google.com/spreadsheets/d/1GpX_8hJc54hBz8KrakqcWdiXAS6pjY1zWE_9f"&"WBXnEM/edit?gid=1460649486#gid=1460649486"", ""List!G:G""), ""-"")"),"9345655774") -> 9345655774 | M47: DEPT | N47: 16.03.2026 | Y47: Luckshana Internship-Employment offer letter.pdf
A48: 47 | B48: 7376232AD135 | C48: =IFERROR(__xludf.DUMMYFUNCTION("XLOOKUP(B48, IMPORTRANGE(""https://docs.google.com/spreadsheets/d/1UUC6R1hVFPCYDEbJMIXaIBW-jeQYiKTRixeKD_tUHGw/edit?gid=0#gid=0"", ""List!B:B""), IMPORTRANGE(""https://docs.google.com/spreadsheets/d/1UUC6R1hVFPCYDEbJMIXaIBW-jeQYiKTRixeKD_tUHGw/edit?gid=0#"&"gid=0"", ""List!C:C""), ""-"")"),"DIWAKAR R M") -> DIWAKAR R M | D48: =IFERROR(__xludf.DUMMYFUNCTION("XLOOKUP(B48, IMPORTRANGE(""https://docs.google.com/spreadsheets/d/1UUC6R1hVFPCYDEbJMIXaIBW-jeQYiKTRixeKD_tUHGw/edit?gid=0#gid=0"", ""List!B:B""), IMPORTRANGE(""https://docs.google.com/spreadsheets/d/1UUC6R1hVFPCYDEbJMIXaIBW-jeQYiKTRixeKD_tUHGw/edit?gid=0#"&"gid=0"", ""List!D:D""), ""-"")"),"ARTIFICIAL INTELLIGENCE AND DATA SCIENCE") -> ARTIFICIAL INTELLIGENCE AND DATA SCIENCE | E48: GoML | F48: 7 | G48: Joined | I48: ITP | J48: Allow for Double the package | K48: =IFERROR(__xludf.DUMMYFUNCTION("XLOOKUP(B48, IMPORTRANGE(""https://docs.google.com/spreadsheets/d/1GpX_8hJc54hBz8KrakqcWdiXAS6pjY1zWE_9fWBXnEM/edit?gid=1460649486#gid=1460649486"", ""List!B:B""), IMPORTRANGE(""https://docs.google.com/spreadsheets/d/1GpX_8hJc54hBz8KrakqcWdiXAS6pjY1zWE_9f"&"WBXnEM/edit?gid=1460649486#gid=1460649486"", ""List!E:E""), ""-"")"),"diwakar.ad23@bitsathy.ac.in") -> diwakar.ad23@bitsathy.ac.in | L48: =IFERROR(__xludf.DUMMYFUNCTION("XLOOKUP(B48, IMPORTRANGE(""https://docs.google.com/spreadsheets/d/1GpX_8hJc54hBz8KrakqcWdiXAS6pjY1zWE_9fWBXnEM/edit?gid=1460649486#gid=1460649486"", ""List!B:B""), IMPORTRANGE(""https://docs.google.com/spreadsheets/d/1GpX_8hJc54hBz8KrakqcWdiXAS6pjY1zWE_9f"&"WBXnEM/edit?gid=1460649486#gid=1460649486"", ""List!G:G""), ""-"")"),"8778015698") -> 8778015698 | M48: T&P | N48: 30.03.2026
A49: 48 | B49: 7376231CS222 | C49: =IFERROR(__xludf.DUMMYFUNCTION("XLOOKUP(B49, IMPORTRANGE(""https://docs.google.com/spreadsheets/d/1UUC6R1hVFPCYDEbJMIXaIBW-jeQYiKTRixeKD_tUHGw/edit?gid=0#gid=0"", ""List!B:B""), IMPORTRANGE(""https://docs.google.com/spreadsheets/d/1UUC6R1hVFPCYDEbJMIXaIBW-jeQYiKTRixeKD_tUHGw/edit?gid=0#"&"gid=0"", ""List!C:C""), ""-"")"),"MIDHUN K") -> MIDHUN K | D49: =IFERROR(__xludf.DUMMYFUNCTION("XLOOKUP(B49, IMPORTRANGE(""https://docs.google.com/spreadsheets/d/1UUC6R1hVFPCYDEbJMIXaIBW-jeQYiKTRixeKD_tUHGw/edit?gid=0#gid=0"", ""List!B:B""), IMPORTRANGE(""https://docs.google.com/spreadsheets/d/1UUC6R1hVFPCYDEbJMIXaIBW-jeQYiKTRixeKD_tUHGw/edit?gid=0#"&"gid=0"", ""List!D:D""), ""-"")"),"COMPUTER SCIENCE AND ENGINEERING") -> COMPUTER SCIENCE AND ENGINEERING | E49: GoML | F49: 7 | G49: Joined | I49: ITP | J49: Allow for Double the package | K49: =IFERROR(__xludf.DUMMYFUNCTION("XLOOKUP(B49, IMPORTRANGE(""https://docs.google.com/spreadsheets/d/1GpX_8hJc54hBz8KrakqcWdiXAS6pjY1zWE_9fWBXnEM/edit?gid=1460649486#gid=1460649486"", ""List!B:B""), IMPORTRANGE(""https://docs.google.com/spreadsheets/d/1GpX_8hJc54hBz8KrakqcWdiXAS6pjY1zWE_9f"&"WBXnEM/edit?gid=1460649486#gid=1460649486"", ""List!E:E""), ""-"")"),"midhun.cs23@bitsathy.ac.in") -> midhun.cs23@bitsathy.ac.in | L49: =IFERROR(__xludf.DUMMYFUNCTION("XLOOKUP(B49, IMPORTRANGE(""https://docs.google.com/spreadsheets/d/1GpX_8hJc54hBz8KrakqcWdiXAS6pjY1zWE_9fWBXnEM/edit?gid=1460649486#gid=1460649486"", ""List!B:B""), IMPORTRANGE(""https://docs.google.com/spreadsheets/d/1GpX_8hJc54hBz8KrakqcWdiXAS6pjY1zWE_9f"&"WBXnEM/edit?gid=1460649486#gid=1460649486"", ""List!G:G""), ""-"")"),"8903988183") -> 8903988183 | M49: T&P | N49: 30.03.2026
A50: 49 | B50: 7376232AD220 | C50: =IFERROR(__xludf.DUMMYFUNCTION("XLOOKUP(B50, IMPORTRANGE(""https://docs.google.com/spreadsheets/d/1UUC6R1hVFPCYDEbJMIXaIBW-jeQYiKTRixeKD_tUHGw/edit?gid=0#gid=0"", ""List!B:B""), IMPORTRANGE(""https://docs.google.com/spreadsheets/d/1UUC6R1hVFPCYDEbJMIXaIBW-jeQYiKTRixeKD_tUHGw/edit?gid=0#"&"gid=0"", ""List!C:C""), ""-"")"),"RAGHUL S") -> RAGHUL S | D50: =IFERROR(__xludf.DUMMYFUNCTION("XLOOKUP(B50, IMPORTRANGE(""https://docs.google.com/spreadsheets/d/1UUC6R1hVFPCYDEbJMIXaIBW-jeQYiKTRixeKD_tUHGw/edit?gid=0#gid=0"", ""List!B:B""), IMPORTRANGE(""https://docs.google.com/spreadsheets/d/1UUC6R1hVFPCYDEbJMIXaIBW-jeQYiKTRixeKD_tUHGw/edit?gid=0#"&"gid=0"", ""List!D:D""), ""-"")"),"ARTIFICIAL INTELLIGENCE AND DATA SCIENCE") -> ARTIFICIAL INTELLIGENCE AND DATA SCIENCE | E50: GoML | F50: 7 | G50: Joined | I50: ITP | J50: Allow for Double the package | K50: =IFERROR(__xludf.DUMMYFUNCTION("XLOOKUP(B50, IMPORTRANGE(""https://docs.google.com/spreadsheets/d/1GpX_8hJc54hBz8KrakqcWdiXAS6pjY1zWE_9fWBXnEM/edit?gid=1460649486#gid=1460649486"", ""List!B:B""), IMPORTRANGE(""https://docs.google.com/spreadsheets/d/1GpX_8hJc54hBz8KrakqcWdiXAS6pjY1zWE_9f"&"WBXnEM/edit?gid=1460649486#gid=1460649486"", ""List!E:E""), ""-"")"),"raghul.ad23@bitsathy.ac.in") -> raghul.ad23@bitsathy.ac.in | L50: =IFERROR(__xludf.DUMMYFUNCTION("XLOOKUP(B50, IMPORTRANGE(""https://docs.google.com/spreadsheets/d/1GpX_8hJc54hBz8KrakqcWdiXAS6pjY1zWE_9fWBXnEM/edit?gid=1460649486#gid=1460649486"", ""List!B:B""), IMPORTRANGE(""https://docs.google.com/spreadsheets/d/1GpX_8hJc54hBz8KrakqcWdiXAS6pjY1zWE_9f"&"WBXnEM/edit?gid=1460649486#gid=1460649486"", ""List!G:G""), ""-"")"),"9842025003") -> 9842025003 | M50: T&P | N50: 30.03.2026
A51: 50 | B51: 7376232IT225 | C51: =IFERROR(__xludf.DUMMYFUNCTION("XLOOKUP(B51, IMPORTRANGE(""https://docs.google.com/spreadsheets/d/1UUC6R1hVFPCYDEbJMIXaIBW-jeQYiKTRixeKD_tUHGw/edit?gid=0#gid=0"", ""List!B:B""), IMPORTRANGE(""https://docs.google.com/spreadsheets/d/1UUC6R1hVFPCYDEbJMIXaIBW-jeQYiKTRixeKD_tUHGw/edit?gid=0#"&"gid=0"", ""List!C:C""), ""-"")"),"PRASANNA B") -> PRASANNA B | D51: =IFERROR(__xludf.DUMMYFUNCTION("XLOOKUP(B51, IMPORTRANGE(""https://docs.google.com/spreadsheets/d/1UUC6R1hVFPCYDEbJMIXaIBW-jeQYiKTRixeKD_tUHGw/edit?gid=0#gid=0"", ""List!B:B""), IMPORTRANGE(""https://docs.google.com/spreadsheets/d/1UUC6R1hVFPCYDEbJMIXaIBW-jeQYiKTRixeKD_tUHGw/edit?gid=0#"&"gid=0"", ""List!D:D""), ""-"")"),"INFORMATION TECHNOLOGY") -> INFORMATION TECHNOLOGY | E51: GoML | F51: 7 | G51: Joined | I51: ITP | J51: Allow for Double the package | K51: =IFERROR(__xludf.DUMMYFUNCTION("XLOOKUP(B51, IMPORTRANGE(""https://docs.google.com/spreadsheets/d/1GpX_8hJc54hBz8KrakqcWdiXAS6pjY1zWE_9fWBXnEM/edit?gid=1460649486#gid=1460649486"", ""List!B:B""), IMPORTRANGE(""https://docs.google.com/spreadsheets/d/1GpX_8hJc54hBz8KrakqcWdiXAS6pjY1zWE_9f"&"WBXnEM/edit?gid=1460649486#gid=1460649486"", ""List!E:E""), ""-"")"),"prasanna.it23@bitsathy.ac.in") -> prasanna.it23@bitsathy.ac.in | L51: =IFERROR(__xludf.DUMMYFUNCTION("XLOOKUP(B51, IMPORTRANGE(""https://docs.google.com/spreadsheets/d/1GpX_8hJc54hBz8KrakqcWdiXAS6pjY1zWE_9fWBXnEM/edit?gid=1460649486#gid=1460649486"", ""List!B:B""), IMPORTRANGE(""https://docs.google.com/spreadsheets/d/1GpX_8hJc54hBz8KrakqcWdiXAS6pjY1zWE_9f"&"WBXnEM/edit?gid=1460649486#gid=1460649486"", ""List!G:G""), ""-"")"),"7904896686") -> 7904896686 | M51: T&P | N51: 30.03.2026
A52: 51 | B52: 7376232AD189 | C52: =IFERROR(__xludf.DUMMYFUNCTION("XLOOKUP(B52, IMPORTRANGE(""https://docs.google.com/spreadsheets/d/1UUC6R1hVFPCYDEbJMIXaIBW-jeQYiKTRixeKD_tUHGw/edit?gid=0#gid=0"", ""List!B:B""), IMPORTRANGE(""https://docs.google.com/spreadsheets/d/1UUC6R1hVFPCYDEbJMIXaIBW-jeQYiKTRixeKD_tUHGw/edit?gid=0#"&"gid=0"", ""List!C:C""), ""-"")"),"MAGESH KANNAN K") -> MAGESH KANNAN K | D52: =IFERROR(__xludf.DUMMYFUNCTION("XLOOKUP(B52, IMPORTRANGE(""https://docs.google.com/spreadsheets/d/1UUC6R1hVFPCYDEbJMIXaIBW-jeQYiKTRixeKD_tUHGw/edit?gid=0#gid=0"", ""List!B:B""), IMPORTRANGE(""https://docs.google.com/spreadsheets/d/1UUC6R1hVFPCYDEbJMIXaIBW-jeQYiKTRixeKD_tUHGw/edit?gid=0#"&"gid=0"", ""List!D:D""), ""-"")"),"ARTIFICIAL INTELLIGENCE AND DATA SCIENCE") -> ARTIFICIAL INTELLIGENCE AND DATA SCIENCE | E52: GoML | F52: 7 | G52: Joined | I52: ITP | J52: Allow for Double the package | K52: =IFERROR(__xludf.DUMMYFUNCTION("XLOOKUP(B52, IMPORTRANGE(""https://docs.google.com/spreadsheets/d/1GpX_8hJc54hBz8KrakqcWdiXAS6pjY1zWE_9fWBXnEM/edit?gid=1460649486#gid=1460649486"", ""List!B:B""), IMPORTRANGE(""https://docs.google.com/spreadsheets/d/1GpX_8hJc54hBz8KrakqcWdiXAS6pjY1zWE_9f"&"WBXnEM/edit?gid=1460649486#gid=1460649486"", ""List!E:E""), ""-"")"),"mageshkannan.ad23@bitsathy.ac.in") -> mageshkannan.ad23@bitsathy.ac.in | L52: =IFERROR(__xludf.DUMMYFUNCTION("XLOOKUP(B52, IMPORTRANGE(""https://docs.google.com/spreadsheets/d/1GpX_8hJc54hBz8KrakqcWdiXAS6pjY1zWE_9fWBXnEM/edit?gid=1460649486#gid=1460649486"", ""List!B:B""), IMPORTRANGE(""https://docs.google.com/spreadsheets/d/1GpX_8hJc54hBz8KrakqcWdiXAS6pjY1zWE_9f"&"WBXnEM/edit?gid=1460649486#gid=1460649486"", ""List!G:G""), ""-"")"),"6380769369") -> 6380769369 | M52: T&P | N52: 30.03.2026
A53: 52 | B53: 7376231EC215 | C53: =IFERROR(__xludf.DUMMYFUNCTION("XLOOKUP(B53, IMPORTRANGE(""https://docs.google.com/spreadsheets/d/1UUC6R1hVFPCYDEbJMIXaIBW-jeQYiKTRixeKD_tUHGw/edit?gid=0#gid=0"", ""List!B:B""), IMPORTRANGE(""https://docs.google.com/spreadsheets/d/1UUC6R1hVFPCYDEbJMIXaIBW-jeQYiKTRixeKD_tUHGw/edit?gid=0#"&"gid=0"", ""List!C:C""), ""-"")"),"MOHAMMAD ABDULLAH S") -> MOHAMMAD ABDULLAH S | D53: =IFERROR(__xludf.DUMMYFUNCTION("XLOOKUP(B53, IMPORTRANGE(""https://docs.google.com/spreadsheets/d/1UUC6R1hVFPCYDEbJMIXaIBW-jeQYiKTRixeKD_tUHGw/edit?gid=0#gid=0"", ""List!B:B""), IMPORTRANGE(""https://docs.google.com/spreadsheets/d/1UUC6R1hVFPCYDEbJMIXaIBW-jeQYiKTRixeKD_tUHGw/edit?gid=0#"&"gid=0"", ""List!D:D""), ""-"")"),"ELECTRONICS AND COMMUNICATION ENGINEERING") -> ELECTRONICS AND COMMUNICATION ENGINEERING | E53: Rocket India (Mr. Cooper) | F53: 8.5 | G53: Joined | H53: Offline | I53: ITP | J53: Allow for Double the package | K53: =IFERROR(__xludf.DUMMYFUNCTION("XLOOKUP(B53, IMPORTRANGE(""https://docs.google.com/spreadsheets/d/1GpX_8hJc54hBz8KrakqcWdiXAS6pjY1zWE_9fWBXnEM/edit?gid=1460649486#gid=1460649486"", ""List!B:B""), IMPORTRANGE(""https://docs.google.com/spreadsheets/d/1GpX_8hJc54hBz8KrakqcWdiXAS6pjY1zWE_9f"&"WBXnEM/edit?gid=1460649486#gid=1460649486"", ""List!E:E""), ""-"")"),"mohammadabdullah.ec23@bitsathy.ac.in") -> mohammadabdullah.ec23@bitsathy.ac.in | L53: =IFERROR(__xludf.DUMMYFUNCTION("XLOOKUP(B53, IMPORTRANGE(""https://docs.google.com/spreadsheets/d/1GpX_8hJc54hBz8KrakqcWdiXAS6pjY1zWE_9fWBXnEM/edit?gid=1460649486#gid=1460649486"", ""List!B:B""), IMPORTRANGE(""https://docs.google.com/spreadsheets/d/1GpX_8hJc54hBz8KrakqcWdiXAS6pjY1zWE_9f"&"WBXnEM/edit?gid=1460649486#gid=1460649486"", ""List!G:G""), ""-"")"),"6383897550") -> 6383897550 | M53: T&P | N53: 01.04.2026
A54: 53 | B54: 7376232AD205 | C54: =IFERROR(__xludf.DUMMYFUNCTION("XLOOKUP(B54, IMPORTRANGE(""https://docs.google.com/spreadsheets/d/1UUC6R1hVFPCYDEbJMIXaIBW-jeQYiKTRixeKD_tUHGw/edit?gid=0#gid=0"", ""List!B:B""), IMPORTRANGE(""https://docs.google.com/spreadsheets/d/1UUC6R1hVFPCYDEbJMIXaIBW-jeQYiKTRixeKD_tUHGw/edit?gid=0#"&"gid=0"", ""List!C:C""), ""-"")"),"NIVAS M R") -> NIVAS M R | D54: =IFERROR(__xludf.DUMMYFUNCTION("XLOOKUP(B54, IMPORTRANGE(""https://docs.google.com/spreadsheets/d/1UUC6R1hVFPCYDEbJMIXaIBW-jeQYiKTRixeKD_tUHGw/edit?gid=0#gid=0"", ""List!B:B""), IMPORTRANGE(""https://docs.google.com/spreadsheets/d/1UUC6R1hVFPCYDEbJMIXaIBW-jeQYiKTRixeKD_tUHGw/edit?gid=0#"&"gid=0"", ""List!D:D""), ""-"")"),"ARTIFICIAL INTELLIGENCE AND DATA SCIENCE") -> ARTIFICIAL INTELLIGENCE AND DATA SCIENCE | E54: Rocket India (Mr. Cooper) | F54: 8.5 | G54: Joined | H54: Offline | I54: ITP | J54: Allow for Double the package | K54: =IFERROR(__xludf.DUMMYFUNCTION("XLOOKUP(B54, IMPORTRANGE(""https://docs.google.com/spreadsheets/d/1GpX_8hJc54hBz8KrakqcWdiXAS6pjY1zWE_9fWBXnEM/edit?gid=1460649486#gid=1460649486"", ""List!B:B""), IMPORTRANGE(""https://docs.google.com/spreadsheets/d/1GpX_8hJc54hBz8KrakqcWdiXAS6pjY1zWE_9f"&"WBXnEM/edit?gid=1460649486#gid=1460649486"", ""List!E:E""), ""-"")"),"nivas.ad23@bitsathy.ac.in") -> nivas.ad23@bitsathy.ac.in | L54: =IFERROR(__xludf.DUMMYFUNCTION("XLOOKUP(B54, IMPORTRANGE(""https://docs.google.com/spreadsheets/d/1GpX_8hJc54hBz8KrakqcWdiXAS6pjY1zWE_9fWBXnEM/edit?gid=1460649486#gid=1460649486"", ""List!B:B""), IMPORTRANGE(""https://docs.google.com/spreadsheets/d/1GpX_8hJc54hBz8KrakqcWdiXAS6pjY1zWE_9f"&"WBXnEM/edit?gid=1460649486#gid=1460649486"", ""List!G:G""), ""-"")"),"9345921505") -> 9345921505 | M54: T&P | N54: 01.04.2026
A55: 54 | B55: 7376232IT210 | C55: =IFERROR(__xludf.DUMMYFUNCTION("XLOOKUP(B55, IMPORTRANGE(""https://docs.google.com/spreadsheets/d/1UUC6R1hVFPCYDEbJMIXaIBW-jeQYiKTRixeKD_tUHGw/edit?gid=0#gid=0"", ""List!B:B""), IMPORTRANGE(""https://docs.google.com/spreadsheets/d/1UUC6R1hVFPCYDEbJMIXaIBW-jeQYiKTRixeKD_tUHGw/edit?gid=0#"&"gid=0"", ""List!C:C""), ""-"")"),"NAGARAJ R") -> NAGARAJ R | D55: =IFERROR(__xludf.DUMMYFUNCTION("XLOOKUP(B55, IMPORTRANGE(""https://docs.google.com/spreadsheets/d/1UUC6R1hVFPCYDEbJMIXaIBW-jeQYiKTRixeKD_tUHGw/edit?gid=0#gid=0"", ""List!B:B""), IMPORTRANGE(""https://docs.google.com/spreadsheets/d/1UUC6R1hVFPCYDEbJMIXaIBW-jeQYiKTRixeKD_tUHGw/edit?gid=0#"&"gid=0"", ""List!D:D""), ""-"")"),"INFORMATION TECHNOLOGY") -> INFORMATION TECHNOLOGY | E55: Rocket India (Mr. Cooper) | F55: 8.5 | G55: Joined | H55: Offline | I55: ITP | J55: Allow for Double the package | K55: =IFERROR(__xludf.DUMMYFUNCTION("XLOOKUP(B55, IMPORTRANGE(""https://docs.google.com/spreadsheets/d/1GpX_8hJc54hBz8KrakqcWdiXAS6pjY1zWE_9fWBXnEM/edit?gid=1460649486#gid=1460649486"", ""List!B:B""), IMPORTRANGE(""https://docs.google.com/spreadsheets/d/1GpX_8hJc54hBz8KrakqcWdiXAS6pjY1zWE_9f"&"WBXnEM/edit?gid=1460649486#gid=1460649486"", ""List!E:E""), ""-"")"),"nagaraj.it23@bitsathy.ac.in") -> nagaraj.it23@bitsathy.ac.in | L55: =IFERROR(__xludf.DUMMYFUNCTION("XLOOKUP(B55, IMPORTRANGE(""https://docs.google.com/spreadsheets/d/1GpX_8hJc54hBz8KrakqcWdiXAS6pjY1zWE_9fWBXnEM/edit?gid=1460649486#gid=1460649486"", ""List!B:B""), IMPORTRANGE(""https://docs.google.com/spreadsheets/d/1GpX_8hJc54hBz8KrakqcWdiXAS6pjY1zWE_9f"&"WBXnEM/edit?gid=1460649486#gid=1460649486"", ""List!G:G""), ""-"")"),"7708913121") -> 7708913121 | M55: T&P | N55: 01.04.2026
A56: 55 | B56: 7376231CS335 | C56: =IFERROR(__xludf.DUMMYFUNCTION("XLOOKUP(B56, IMPORTRANGE(""https://docs.google.com/spreadsheets/d/1UUC6R1hVFPCYDEbJMIXaIBW-jeQYiKTRixeKD_tUHGw/edit?gid=0#gid=0"", ""List!B:B""), IMPORTRANGE(""https://docs.google.com/spreadsheets/d/1UUC6R1hVFPCYDEbJMIXaIBW-jeQYiKTRixeKD_tUHGw/edit?gid=0#"&"gid=0"", ""List!C:C""), ""-"")"),"THIRUSELVAN V") -> THIRUSELVAN V | D56: =IFERROR(__xludf.DUMMYFUNCTION("XLOOKUP(B56, IMPORTRANGE(""https://docs.google.com/spreadsheets/d/1UUC6R1hVFPCYDEbJMIXaIBW-jeQYiKTRixeKD_tUHGw/edit?gid=0#gid=0"", ""List!B:B""), IMPORTRANGE(""https://docs.google.com/spreadsheets/d/1UUC6R1hVFPCYDEbJMIXaIBW-jeQYiKTRixeKD_tUHGw/edit?gid=0#"&"gid=0"", ""List!D:D""), ""-"")"),"COMPUTER SCIENCE AND ENGINEERING") -> COMPUTER SCIENCE AND ENGINEERING | E56: Rocket India (Mr. Cooper) | F56: 8.5 | G56: Joined | H56: Offline | I56: ITP | J56: Allow for Double the package | K56: =IFERROR(__xludf.DUMMYFUNCTION("XLOOKUP(B56, IMPORTRANGE(""https://docs.google.com/spreadsheets/d/1GpX_8hJc54hBz8KrakqcWdiXAS6pjY1zWE_9fWBXnEM/edit?gid=1460649486#gid=1460649486"", ""List!B:B""), IMPORTRANGE(""https://docs.google.com/spreadsheets/d/1GpX_8hJc54hBz8KrakqcWdiXAS6pjY1zWE_9f"&"WBXnEM/edit?gid=1460649486#gid=1460649486"", ""List!E:E""), ""-"")"),"thiruselvan.cs23@bitsathy.ac.in") -> thiruselvan.cs23@bitsathy.ac.in | L56: =IFERROR(__xludf.DUMMYFUNCTION("XLOOKUP(B56, IMPORTRANGE(""https://docs.google.com/spreadsheets/d/1GpX_8hJc54hBz8KrakqcWdiXAS6pjY1zWE_9fWBXnEM/edit?gid=1460649486#gid=1460649486"", ""List!B:B""), IMPORTRANGE(""https://docs.google.com/spreadsheets/d/1GpX_8hJc54hBz8KrakqcWdiXAS6pjY1zWE_9f"&"WBXnEM/edit?gid=1460649486#gid=1460649486"", ""List!G:G""), ""-"")"),"9342654277") -> 9342654277 | M56: T&P | N56: 01.04.2026
A57: 56 | B57: 7376231CS146 | C57: =IFERROR(__xludf.DUMMYFUNCTION("XLOOKUP(B57, IMPORTRANGE(""https://docs.google.com/spreadsheets/d/1UUC6R1hVFPCYDEbJMIXaIBW-jeQYiKTRixeKD_tUHGw/edit?gid=0#gid=0"", ""List!B:B""), IMPORTRANGE(""https://docs.google.com/spreadsheets/d/1UUC6R1hVFPCYDEbJMIXaIBW-jeQYiKTRixeKD_tUHGw/edit?gid=0#"&"gid=0"", ""List!C:C""), ""-"")"),"DHURSHITHA N") -> DHURSHITHA N | D57: =IFERROR(__xludf.DUMMYFUNCTION("XLOOKUP(B57, IMPORTRANGE(""https://docs.google.com/spreadsheets/d/1UUC6R1hVFPCYDEbJMIXaIBW-jeQYiKTRixeKD_tUHGw/edit?gid=0#gid=0"", ""List!B:B""), IMPORTRANGE(""https://docs.google.com/spreadsheets/d/1UUC6R1hVFPCYDEbJMIXaIBW-jeQYiKTRixeKD_tUHGw/edit?gid=0#"&"gid=0"", ""List!D:D""), ""-"")"),"COMPUTER SCIENCE AND ENGINEERING") -> COMPUTER SCIENCE AND ENGINEERING | E57: RapidData Technologies | F57: 4 | G57: Joined | I57: ITP | J57: Don't Allow | K57: =IFERROR(__xludf.DUMMYFUNCTION("XLOOKUP(B57, IMPORTRANGE(""https://docs.google.com/spreadsheets/d/1GpX_8hJc54hBz8KrakqcWdiXAS6pjY1zWE_9fWBXnEM/edit?gid=1460649486#gid=1460649486"", ""List!B:B""), IMPORTRANGE(""https://docs.google.com/spreadsheets/d/1GpX_8hJc54hBz8KrakqcWdiXAS6pjY1zWE_9f"&"WBXnEM/edit?gid=1460649486#gid=1460649486"", ""List!E:E""), ""-"")"),"dhurshitha.cs23@bitsathy.ac.in") -> dhurshitha.cs23@bitsathy.ac.in | L57: =IFERROR(__xludf.DUMMYFUNCTION("XLOOKUP(B57, IMPORTRANGE(""https://docs.google.com/spreadsheets/d/1GpX_8hJc54hBz8KrakqcWdiXAS6pjY1zWE_9fWBXnEM/edit?gid=1460649486#gid=1460649486"", ""List!B:B""), IMPORTRANGE(""https://docs.google.com/spreadsheets/d/1GpX_8hJc54hBz8KrakqcWdiXAS6pjY1zWE_9f"&"WBXnEM/edit?gid=1460649486#gid=1460649486"", ""List!G:G""), ""-"")"),"8825822218") -> 8825822218 | M57: T&P | N57: 04.04.2026
A58: 57 | B58: 7376232IT141 | C58: =IFERROR(__xludf.DUMMYFUNCTION("XLOOKUP(B58, IMPORTRANGE(""https://docs.google.com/spreadsheets/d/1UUC6R1hVFPCYDEbJMIXaIBW-jeQYiKTRixeKD_tUHGw/edit?gid=0#gid=0"", ""List!B:B""), IMPORTRANGE(""https://docs.google.com/spreadsheets/d/1UUC6R1hVFPCYDEbJMIXaIBW-jeQYiKTRixeKD_tUHGw/edit?gid=0#"&"gid=0"", ""List!C:C""), ""-"")"),"ENITHA J R") -> ENITHA J R | D58: =IFERROR(__xludf.DUMMYFUNCTION("XLOOKUP(B58, IMPORTRANGE(""https://docs.google.com/spreadsheets/d/1UUC6R1hVFPCYDEbJMIXaIBW-jeQYiKTRixeKD_tUHGw/edit?gid=0#gid=0"", ""List!B:B""), IMPORTRANGE(""https://docs.google.com/spreadsheets/d/1UUC6R1hVFPCYDEbJMIXaIBW-jeQYiKTRixeKD_tUHGw/edit?gid=0#"&"gid=0"", ""List!D:D""), ""-"")"),"INFORMATION TECHNOLOGY") -> INFORMATION TECHNOLOGY | E58: RapidData Technologies | F58: 4 | G58: Joined | I58: ITP | J58: Don't Allow | K58: =IFERROR(__xludf.DUMMYFUNCTION("XLOOKUP(B58, IMPORTRANGE(""https://docs.google.com/spreadsheets/d/1GpX_8hJc54hBz8KrakqcWdiXAS6pjY1zWE_9fWBXnEM/edit?gid=1460649486#gid=1460649486"", ""List!B:B""), IMPORTRANGE(""https://docs.google.com/spreadsheets/d/1GpX_8hJc54hBz8KrakqcWdiXAS6pjY1zWE_9f"&"WBXnEM/edit?gid=1460649486#gid=1460649486"", ""List!E:E""), ""-"")"),"enitha.it23@bitsathy.ac.in") -> enitha.it23@bitsathy.ac.in | L58: =IFERROR(__xludf.DUMMYFUNCTION("XLOOKUP(B58, IMPORTRANGE(""https://docs.google.com/spreadsheets/d/1GpX_8hJc54hBz8KrakqcWdiXAS6pjY1zWE_9fWBXnEM/edit?gid=1460649486#gid=1460649486"", ""List!B:B""), IMPORTRANGE(""https://docs.google.com/spreadsheets/d/1GpX_8hJc54hBz8KrakqcWdiXAS6pjY1zWE_9f"&"WBXnEM/edit?gid=1460649486#gid=1460649486"", ""List!G:G""), ""-"")"),"9715168001") -> 9715168001 | M58: T&P | N58: 04.04.2026
A59: 58 | B59: 7376232AD189 | C59: =IFERROR(__xludf.DUMMYFUNCTION("XLOOKUP(B59, IMPORTRANGE(""https://docs.google.com/spreadsheets/d/1UUC6R1hVFPCYDEbJMIXaIBW-jeQYiKTRixeKD_tUHGw/edit?gid=0#gid=0"", ""List!B:B""), IMPORTRANGE(""https://docs.google.com/spreadsheets/d/1UUC6R1hVFPCYDEbJMIXaIBW-jeQYiKTRixeKD_tUHGw/edit?gid=0#"&"gid=0"", ""List!C:C""), ""-"")"),"MAGESH KANNAN K") -> MAGESH KANNAN K | D59: =IFERROR(__xludf.DUMMYFUNCTION("XLOOKUP(B59, IMPORTRANGE(""https://docs.google.com/spreadsheets/d/1UUC6R1hVFPCYDEbJMIXaIBW-jeQYiKTRixeKD_tUHGw/edit?gid=0#gid=0"", ""List!B:B""), IMPORTRANGE(""https://docs.google.com/spreadsheets/d/1UUC6R1hVFPCYDEbJMIXaIBW-jeQYiKTRixeKD_tUHGw/edit?gid=0#"&"gid=0"", ""List!D:D""), ""-"")"),"ARTIFICIAL INTELLIGENCE AND DATA SCIENCE") -> ARTIFICIAL INTELLIGENCE AND DATA SCIENCE | E59: RapidData Technologies | F59: 4 | G59: Joined | I59: ITP | J59: Don't Allow | K59: =IFERROR(__xludf.DUMMYFUNCTION("XLOOKUP(B59, IMPORTRANGE(""https://docs.google.com/spreadsheets/d/1GpX_8hJc54hBz8KrakqcWdiXAS6pjY1zWE_9fWBXnEM/edit?gid=1460649486#gid=1460649486"", ""List!B:B""), IMPORTRANGE(""https://docs.google.com/spreadsheets/d/1GpX_8hJc54hBz8KrakqcWdiXAS6pjY1zWE_9f"&"WBXnEM/edit?gid=1460649486#gid=1460649486"", ""List!E:E""), ""-"")"),"mageshkannan.ad23@bitsathy.ac.in") -> mageshkannan.ad23@bitsathy.ac.in | L59: =IFERROR(__xludf.DUMMYFUNCTION("XLOOKUP(B59, IMPORTRANGE(""https://docs.google.com/spreadsheets/d/1GpX_8hJc54hBz8KrakqcWdiXAS6pjY1zWE_9fWBXnEM/edit?gid=1460649486#gid=1460649486"", ""List!B:B""), IMPORTRANGE(""https://docs.google.com/spreadsheets/d/1GpX_8hJc54hBz8KrakqcWdiXAS6pjY1zWE_9f"&"WBXnEM/edit?gid=1460649486#gid=1460649486"", ""List!G:G""), ""-"")"),"6380769369") -> 6380769369 | M59: T&P | N59: 04.04.2026
A60: 59 | B60: 7376232AD193 | C60: =IFERROR(__xludf.DUMMYFUNCTION("XLOOKUP(B60, IMPORTRANGE(""https://docs.google.com/spreadsheets/d/1UUC6R1hVFPCYDEbJMIXaIBW-jeQYiKTRixeKD_tUHGw/edit?gid=0#gid=0"", ""List!B:B""), IMPORTRANGE(""https://docs.google.com/spreadsheets/d/1UUC6R1hVFPCYDEbJMIXaIBW-jeQYiKTRixeKD_tUHGw/edit?gid=0#"&"gid=0"", ""List!C:C""), ""-"")"),"MALARVIZHI A") -> MALARVIZHI A | D60: =IFERROR(__xludf.DUMMYFUNCTION("XLOOKUP(B60, IMPORTRANGE(""https://docs.google.com/spreadsheets/d/1UUC6R1hVFPCYDEbJMIXaIBW-jeQYiKTRixeKD_tUHGw/edit?gid=0#gid=0"", ""List!B:B""), IMPORTRANGE(""https://docs.google.com/spreadsheets/d/1UUC6R1hVFPCYDEbJMIXaIBW-jeQYiKTRixeKD_tUHGw/edit?gid=0#"&"gid=0"", ""List!D:D""), ""-"")"),"ARTIFICIAL INTELLIGENCE AND DATA SCIENCE") -> ARTIFICIAL INTELLIGENCE AND DATA SCIENCE | E60: RapidData Technologies | F60: 4 | G60: Joined | I60: ITP | J60: Don't Allow | K60: =IFERROR(__xludf.DUMMYFUNCTION("XLOOKUP(B60, IMPORTRANGE(""https://docs.google.com/spreadsheets/d/1GpX_8hJc54hBz8KrakqcWdiXAS6pjY1zWE_9fWBXnEM/edit?gid=1460649486#gid=1460649486"", ""List!B:B""), IMPORTRANGE(""https://docs.google.com/spreadsheets/d/1GpX_8hJc54hBz8KrakqcWdiXAS6pjY1zWE_9f"&"WBXnEM/edit?gid=1460649486#gid=1460649486"", ""List!E:E""), ""-"")"),"malarvizhi.ad23@bitsathy.ac.in") -> malarvizhi.ad23@bitsathy.ac.in | L60: =IFERROR(__xludf.DUMMYFUNCTION("XLOOKUP(B60, IMPORTRANGE(""https://docs.google.com/spreadsheets/d/1GpX_8hJc54hBz8KrakqcWdiXAS6pjY1zWE_9fWBXnEM/edit?gid=1460649486#gid=1460649486"", ""List!B:B""), IMPORTRANGE(""https://docs.google.com/spreadsheets/d/1GpX_8hJc54hBz8KrakqcWdiXAS6pjY1zWE_9f"&"WBXnEM/edit?gid=1460649486#gid=1460649486"", ""List!G:G""), ""-"")"),"8056934848") -> 8056934848 | M60: T&P | N60: 04.04.2026
A61: 60 | B61: 7376231CS293 | C61: =IFERROR(__xludf.DUMMYFUNCTION("XLOOKUP(B61, IMPORTRANGE(""https://docs.google.com/spreadsheets/d/1UUC6R1hVFPCYDEbJMIXaIBW-jeQYiKTRixeKD_tUHGw/edit?gid=0#gid=0"", ""List!B:B""), IMPORTRANGE(""https://docs.google.com/spreadsheets/d/1UUC6R1hVFPCYDEbJMIXaIBW-jeQYiKTRixeKD_tUHGw/edit?gid=0#"&"gid=0"", ""List!C:C""), ""-"")"),"SANDHIYA T") -> SANDHIYA T | D61: =IFERROR(__xludf.DUMMYFUNCTION("XLOOKUP(B61, IMPORTRANGE(""https://docs.google.com/spreadsheets/d/1UUC6R1hVFPCYDEbJMIXaIBW-jeQYiKTRixeKD_tUHGw/edit?gid=0#gid=0"", ""List!B:B""), IMPORTRANGE(""https://docs.google.com/spreadsheets/d/1UUC6R1hVFPCYDEbJMIXaIBW-jeQYiKTRixeKD_tUHGw/edit?gid=0#"&"gid=0"", ""List!D:D""), ""-"")"),"COMPUTER SCIENCE AND ENGINEERING") -> COMPUTER SCIENCE AND ENGINEERING | E61: RapidData Technologies | F61: 4 | G61: Joined | I61: ITP | J61: Don't Allow | K61: =IFERROR(__xludf.DUMMYFUNCTION("XLOOKUP(B61, IMPORTRANGE(""https://docs.google.com/spreadsheets/d/1GpX_8hJc54hBz8KrakqcWdiXAS6pjY1zWE_9fWBXnEM/edit?gid=1460649486#gid=1460649486"", ""List!B:B""), IMPORTRANGE(""https://docs.google.com/spreadsheets/d/1GpX_8hJc54hBz8KrakqcWdiXAS6pjY1zWE_9f"&"WBXnEM/edit?gid=1460649486#gid=1460649486"", ""List!E:E""), ""-"")"),"sandhiya.cs23@bitsathy.ac.in") -> sandhiya.cs23@bitsathy.ac.in | L61: =IFERROR(__xludf.DUMMYFUNCTION("XLOOKUP(B61, IMPORTRANGE(""https://docs.google.com/spreadsheets/d/1GpX_8hJc54hBz8KrakqcWdiXAS6pjY1zWE_9fWBXnEM/edit?gid=1460649486#gid=1460649486"", ""List!B:B""), IMPORTRANGE(""https://docs.google.com/spreadsheets/d/1GpX_8hJc54hBz8KrakqcWdiXAS6pjY1zWE_9f"&"WBXnEM/edit?gid=1460649486#gid=1460649486"", ""List!G:G""), ""-"")"),"6381620695") -> 6381620695 | M61: T&P | N61: 04.04.2026
A62: 61 | B62: 7376232IT143 | C62: =IFERROR(__xludf.DUMMYFUNCTION("XLOOKUP(B62, IMPORTRANGE(""https://docs.google.com/spreadsheets/d/1UUC6R1hVFPCYDEbJMIXaIBW-jeQYiKTRixeKD_tUHGw/edit?gid=0#gid=0"", ""List!B:B""), IMPORTRANGE(""https://docs.google.com/spreadsheets/d/1UUC6R1hVFPCYDEbJMIXaIBW-jeQYiKTRixeKD_tUHGw/edit?gid=0#"&"gid=0"", ""List!C:C""), ""-"")"),"GIRISH ASHOK GAIKWAD A") -> GIRISH ASHOK GAIKWAD A | D62: =IFERROR(__xludf.DUMMYFUNCTION("XLOOKUP(B62, IMPORTRANGE(""https://docs.google.com/spreadsheets/d/1UUC6R1hVFPCYDEbJMIXaIBW-jeQYiKTRixeKD_tUHGw/edit?gid=0#gid=0"", ""List!B:B""), IMPORTRANGE(""https://docs.google.com/spreadsheets/d/1UUC6R1hVFPCYDEbJMIXaIBW-jeQYiKTRixeKD_tUHGw/edit?gid=0#"&"gid=0"", ""List!D:D""), ""-"")"),"INFORMATION TECHNOLOGY") -> INFORMATION TECHNOLOGY | E62: Presidio | F62: 10 | G62: Joined | I62: ITP | J62: Don't Allow | K62: =IFERROR(__xludf.DUMMYFUNCTION("XLOOKUP(B62, IMPORTRANGE(""https://docs.google.com/spreadsheets/d/1GpX_8hJc54hBz8KrakqcWdiXAS6pjY1zWE_9fWBXnEM/edit?gid=1460649486#gid=1460649486"", ""List!B:B""), IMPORTRANGE(""https://docs.google.com/spreadsheets/d/1GpX_8hJc54hBz8KrakqcWdiXAS6pjY1zWE_9f"&"WBXnEM/edit?gid=1460649486#gid=1460649486"", ""List!E:E""), ""-"")"),"girishashokgaikwad.it23@bitsathy.ac.in") -> girishashokgaikwad.it23@bitsathy.ac.in | L62: =IFERROR(__xludf.DUMMYFUNCTION("XLOOKUP(B62, IMPORTRANGE(""https://docs.google.com/spreadsheets/d/1GpX_8hJc54hBz8KrakqcWdiXAS6pjY1zWE_9fWBXnEM/edit?gid=1460649486#gid=1460649486"", ""List!B:B""), IMPORTRANGE(""https://docs.google.com/spreadsheets/d/1GpX_8hJc54hBz8KrakqcWdiXAS6pjY1zWE_9f"&"WBXnEM/edit?gid=1460649486#gid=1460649486"", ""List!G:G""), ""-"")"),"8778943284") -> 8778943284 | M62: T&P | N62: 10.04.2026
A63: 62 | B63: 7376231CS333 | C63: =IFERROR(__xludf.DUMMYFUNCTION("XLOOKUP(B63, IMPORTRANGE(""https://docs.google.com/spreadsheets/d/1UUC6R1hVFPCYDEbJMIXaIBW-jeQYiKTRixeKD_tUHGw/edit?gid=0#gid=0"", ""List!B:B""), IMPORTRANGE(""https://docs.google.com/spreadsheets/d/1UUC6R1hVFPCYDEbJMIXaIBW-jeQYiKTRixeKD_tUHGw/edit?gid=0#"&"gid=0"", ""List!C:C""), ""-"")"),"THAYANITHI S") -> THAYANITHI S | D63: =IFERROR(__xludf.DUMMYFUNCTION("XLOOKUP(B63, IMPORTRANGE(""https://docs.google.com/spreadsheets/d/1UUC6R1hVFPCYDEbJMIXaIBW-jeQYiKTRixeKD_tUHGw/edit?gid=0#gid=0"", ""List!B:B""), IMPORTRANGE(""https://docs.google.com/spreadsheets/d/1UUC6R1hVFPCYDEbJMIXaIBW-jeQYiKTRixeKD_tUHGw/edit?gid=0#"&"gid=0"", ""List!D:D""), ""-"")"),"COMPUTER SCIENCE AND ENGINEERING") -> COMPUTER SCIENCE AND ENGINEERING | E63: Presidio | F63: 10 | G63: Joined | I63: ITP | J63: Don't Allow | K63: =IFERROR(__xludf.DUMMYFUNCTION("XLOOKUP(B63, IMPORTRANGE(""https://docs.google.com/spreadsheets/d/1GpX_8hJc54hBz8KrakqcWdiXAS6pjY1zWE_9fWBXnEM/edit?gid=1460649486#gid=1460649486"", ""List!B:B""), IMPORTRANGE(""https://docs.google.com/spreadsheets/d/1GpX_8hJc54hBz8KrakqcWdiXAS6pjY1zWE_9f"&"WBXnEM/edit?gid=1460649486#gid=1460649486"", ""List!E:E""), ""-"")"),"thayanithi.cs23@bitsathy.ac.in") -> thayanithi.cs23@bitsathy.ac.in | L63: =IFERROR(__xludf.DUMMYFUNCTION("XLOOKUP(B63, IMPORTRANGE(""https://docs.google.com/spreadsheets/d/1GpX_8hJc54hBz8KrakqcWdiXAS6pjY1zWE_9fWBXnEM/edit?gid=1460649486#gid=1460649486"", ""List!B:B""), IMPORTRANGE(""https://docs.google.com/spreadsheets/d/1GpX_8hJc54hBz8KrakqcWdiXAS6pjY1zWE_9f"&"WBXnEM/edit?gid=1460649486#gid=1460649486"", ""List!G:G""), ""-"")"),"9025391287") -> 9025391287 | M63: T&P | N63: 10.04.2026
A64: 63 | B64: 7376232AD191 | C64: =IFERROR(__xludf.DUMMYFUNCTION("XLOOKUP(B64, IMPORTRANGE(""https://docs.google.com/spreadsheets/d/1UUC6R1hVFPCYDEbJMIXaIBW-jeQYiKTRixeKD_tUHGw/edit?gid=0#gid=0"", ""List!B:B""), IMPORTRANGE(""https://docs.google.com/spreadsheets/d/1UUC6R1hVFPCYDEbJMIXaIBW-jeQYiKTRixeKD_tUHGw/edit?gid=0#"&"gid=0"", ""List!C:C""), ""-"")"),"MAHAVISHNU K") -> MAHAVISHNU K | D64: =IFERROR(__xludf.DUMMYFUNCTION("XLOOKUP(B64, IMPORTRANGE(""https://docs.google.com/spreadsheets/d/1UUC6R1hVFPCYDEbJMIXaIBW-jeQYiKTRixeKD_tUHGw/edit?gid=0#gid=0"", ""List!B:B""), IMPORTRANGE(""https://docs.google.com/spreadsheets/d/1UUC6R1hVFPCYDEbJMIXaIBW-jeQYiKTRixeKD_tUHGw/edit?gid=0#"&"gid=0"", ""List!D:D""), ""-"")"),"ARTIFICIAL INTELLIGENCE AND DATA SCIENCE") -> ARTIFICIAL INTELLIGENCE AND DATA SCIENCE | E64: Presidio | F64: 10 | G64: Joined | I64: ITP | J64: Don't Allow | K64: =IFERROR(__xludf.DUMMYFUNCTION("XLOOKUP(B64, IMPORTRANGE(""https://docs.google.com/spreadsheets/d/1GpX_8hJc54hBz8KrakqcWdiXAS6pjY1zWE_9fWBXnEM/edit?gid=1460649486#gid=1460649486"", ""List!B:B""), IMPORTRANGE(""https://docs.google.com/spreadsheets/d/1GpX_8hJc54hBz8KrakqcWdiXAS6pjY1zWE_9f"&"WBXnEM/edit?gid=1460649486#gid=1460649486"", ""List!E:E""), ""-"")"),"mahavishnu.ad23@bitsathy.ac.in") -> mahavishnu.ad23@bitsathy.ac.in | L64: =IFERROR(__xludf.DUMMYFUNCTION("XLOOKUP(B64, IMPORTRANGE(""https://docs.google.com/spreadsheets/d/1GpX_8hJc54hBz8KrakqcWdiXAS6pjY1zWE_9fWBXnEM/edit?gid=1460649486#gid=1460649486"", ""List!B:B""), IMPORTRANGE(""https://docs.google.com/spreadsheets/d/1GpX_8hJc54hBz8KrakqcWdiXAS6pjY1zWE_9f"&"WBXnEM/edit?gid=1460649486#gid=1460649486"", ""List!G:G""), ""-"")"),"7904664453") -> 7904664453 | M64: T&P | N64: 10.04.2026
A65: 64 | B65: 7376231MZ114 | C65: =IFERROR(__xludf.DUMMYFUNCTION("XLOOKUP(B65, IMPORTRANGE(""https://docs.google.com/spreadsheets/d/1UUC6R1hVFPCYDEbJMIXaIBW-jeQYiKTRixeKD_tUHGw/edit?gid=0#gid=0"", ""List!B:B""), IMPORTRANGE(""https://docs.google.com/spreadsheets/d/1UUC6R1hVFPCYDEbJMIXaIBW-jeQYiKTRixeKD_tUHGw/edit?gid=0#"&"gid=0"", ""List!C:C""), ""-"")"),"HARISH KHARTHIK C S") -> HARISH KHARTHIK C S | D65: =IFERROR(__xludf.DUMMYFUNCTION("XLOOKUP(B65, IMPORTRANGE(""https://docs.google.com/spreadsheets/d/1UUC6R1hVFPCYDEbJMIXaIBW-jeQYiKTRixeKD_tUHGw/edit?gid=0#gid=0"", ""List!B:B""), IMPORTRANGE(""https://docs.google.com/spreadsheets/d/1UUC6R1hVFPCYDEbJMIXaIBW-jeQYiKTRixeKD_tUHGw/edit?gid=0#"&"gid=0"", ""List!D:D""), ""-"")"),"MECHATRONICS ENGINEERING") -> MECHATRONICS ENGINEERING | E65: Orangewood | F65: 5 | G65: Joined | I65: CORE | J65: Don't Allow | K65: =IFERROR(__xludf.DUMMYFUNCTION("XLOOKUP(B65, IMPORTRANGE(""https://docs.google.com/spreadsheets/d/1GpX_8hJc54hBz8KrakqcWdiXAS6pjY1zWE_9fWBXnEM/edit?gid=1460649486#gid=1460649486"", ""List!B:B""), IMPORTRANGE(""https://docs.google.com/spreadsheets/d/1GpX_8hJc54hBz8KrakqcWdiXAS6pjY1zWE_9f"&"WBXnEM/edit?gid=1460649486#gid=1460649486"", ""List!E:E""), ""-"")"),"harishkharthik.mz23@bitsathy.ac.in") -> harishkharthik.mz23@bitsathy.ac.in | L65: =IFERROR(__xludf.DUMMYFUNCTION("XLOOKUP(B65, IMPORTRANGE(""https://docs.google.com/spreadsheets/d/1GpX_8hJc54hBz8KrakqcWdiXAS6pjY1zWE_9fWBXnEM/edit?gid=1460649486#gid=1460649486"", ""List!B:B""), IMPORTRANGE(""https://docs.google.com/spreadsheets/d/1GpX_8hJc54hBz8KrakqcWdiXAS6pjY1zWE_9f"&"WBXnEM/edit?gid=1460649486#gid=1460649486"", ""List!G:G""), ""-"")"),"9715736151") -> 9715736151 | M65: DEPT | N65: 15.04.2026
A66: 65 | B66: 7376231BM130 | C66: =IFERROR(__xludf.DUMMYFUNCTION("XLOOKUP(B66, IMPORTRANGE(""https://docs.google.com/spreadsheets/d/1UUC6R1hVFPCYDEbJMIXaIBW-jeQYiKTRixeKD_tUHGw/edit?gid=0#gid=0"", ""List!B:B""), IMPORTRANGE(""https://docs.google.com/spreadsheets/d/1UUC6R1hVFPCYDEbJMIXaIBW-jeQYiKTRixeKD_tUHGw/edit?gid=0#"&"gid=0"", ""List!C:C""), ""-"")"),"NITHISRI K A") -> NITHISRI K A | D66: =IFERROR(__xludf.DUMMYFUNCTION("XLOOKUP(B66, IMPORTRANGE(""https://docs.google.com/spreadsheets/d/1UUC6R1hVFPCYDEbJMIXaIBW-jeQYiKTRixeKD_tUHGw/edit?gid=0#gid=0"", ""List!B:B""), IMPORTRANGE(""https://docs.google.com/spreadsheets/d/1UUC6R1hVFPCYDEbJMIXaIBW-jeQYiKTRixeKD_tUHGw/edit?gid=0#"&"gid=0"", ""List!D:D""), ""-"")"),"BIOMEDICAL ENGINEERING") -> BIOMEDICAL ENGINEERING | E66: EXL Service | F66: 6.5 | G66: Joined | H66: Offline | I66: ITP | J66: AI Data Analyst | K66: =IFERROR(__xludf.DUMMYFUNCTION("XLOOKUP(B66, IMPORTRANGE(""https://docs.google.com/spreadsheets/d/1GpX_8hJc54hBz8KrakqcWdiXAS6pjY1zWE_9fWBXnEM/edit?gid=1460649486#gid=1460649486"", ""List!B:B""), IMPORTRANGE(""https://docs.google.com/spreadsheets/d/1GpX_8hJc54hBz8KrakqcWdiXAS6pjY1zWE_9f"&"WBXnEM/edit?gid=1460649486#gid=1460649486"", ""List!E:E""), ""-"")"),"nithisri.bm23@bitsathy.ac.in") -> nithisri.bm23@bitsathy.ac.in | L66: =IFERROR(__xludf.DUMMYFUNCTION("XLOOKUP(B66, IMPORTRANGE(""https://docs.google.com/spreadsheets/d/1GpX_8hJc54hBz8KrakqcWdiXAS6pjY1zWE_9fWBXnEM/edit?gid=1460649486#gid=1460649486"", ""List!B:B""), IMPORTRANGE(""https://docs.google.com/spreadsheets/d/1GpX_8hJc54hBz8KrakqcWdiXAS6pjY1zWE_9f"&"WBXnEM/edit?gid=1460649486#gid=1460649486"", ""List!G:G""), ""-"")"),"8012802570") -> 8012802570 | M66: T&P | N66: 17.04.2026 | X66: 7376231BM130 - EXL Service.pdf
A67: 66 | B67: 7376231CS245 | C67: =IFERROR(__xludf.DUMMYFUNCTION("XLOOKUP(B67, IMPORTRANGE(""https://docs.google.com/spreadsheets/d/1UUC6R1hVFPCYDEbJMIXaIBW-jeQYiKTRixeKD_tUHGw/edit?gid=0#gid=0"", ""List!B:B""), IMPORTRANGE(""https://docs.google.com/spreadsheets/d/1UUC6R1hVFPCYDEbJMIXaIBW-jeQYiKTRixeKD_tUHGw/edit?gid=0#"&"gid=0"", ""List!C:C""), ""-"")"),"NAVANEETHA KRISHNAN S") -> NAVANEETHA KRISHNAN S | D67: =IFERROR(__xludf.DUMMYFUNCTION("XLOOKUP(B67, IMPORTRANGE(""https://docs.google.com/spreadsheets/d/1UUC6R1hVFPCYDEbJMIXaIBW-jeQYiKTRixeKD_tUHGw/edit?gid=0#gid=0"", ""List!B:B""), IMPORTRANGE(""https://docs.google.com/spreadsheets/d/1UUC6R1hVFPCYDEbJMIXaIBW-jeQYiKTRixeKD_tUHGw/edit?gid=0#"&"gid=0"", ""List!D:D""), ""-"")"),"COMPUTER SCIENCE AND ENGINEERING") -> COMPUTER SCIENCE AND ENGINEERING | E67: EXL Service | F67: 10 | G67: Joined | H67: Offline | I67: ITP | J67: AI Engineer | K67: =IFERROR(__xludf.DUMMYFUNCTION("XLOOKUP(B67, IMPORTRANGE(""https://docs.google.com/spreadsheets/d/1GpX_8hJc54hBz8KrakqcWdiXAS6pjY1zWE_9fWBXnEM/edit?gid=1460649486#gid=1460649486"", ""List!B:B""), IMPORTRANGE(""https://docs.google.com/spreadsheets/d/1GpX_8hJc54hBz8KrakqcWdiXAS6pjY1zWE_9f"&"WBXnEM/edit?gid=1460649486#gid=1460649486"", ""List!E:E""), ""-"")"),"navaneethakrishnan.cs23@bitsathy.ac.in") -> navaneethakrishnan.cs23@bitsathy.ac.in | L67: =IFERROR(__xludf.DUMMYFUNCTION("XLOOKUP(B67, IMPORTRANGE(""https://docs.google.com/spreadsheets/d/1GpX_8hJc54hBz8KrakqcWdiXAS6pjY1zWE_9fWBXnEM/edit?gid=1460649486#gid=1460649486"", ""List!B:B""), IMPORTRANGE(""https://docs.google.com/spreadsheets/d/1GpX_8hJc54hBz8KrakqcWdiXAS6pjY1zWE_9f"&"WBXnEM/edit?gid=1460649486#gid=1460649486"", ""List!G:G""), ""-"")"),"9080619540") -> 9080619540 | M67: T&P | N67: 17.04.2026 | X67: 7376231CS245 - EXL Service.pdf
A68: 67 | B68: 7376232AD130 | C68: =IFERROR(__xludf.DUMMYFUNCTION("XLOOKUP(B68, IMPORTRANGE(""https://docs.google.com/spreadsheets/d/1UUC6R1hVFPCYDEbJMIXaIBW-jeQYiKTRixeKD_tUHGw/edit?gid=0#gid=0"", ""List!B:B""), IMPORTRANGE(""https://docs.google.com/spreadsheets/d/1UUC6R1hVFPCYDEbJMIXaIBW-jeQYiKTRixeKD_tUHGw/edit?gid=0#"&"gid=0"", ""List!C:C""), ""-"")"),"DHARSHINI S") -> DHARSHINI S | D68: =IFERROR(__xludf.DUMMYFUNCTION("XLOOKUP(B68, IMPORTRANGE(""https://docs.google.com/spreadsheets/d/1UUC6R1hVFPCYDEbJMIXaIBW-jeQYiKTRixeKD_tUHGw/edit?gid=0#gid=0"", ""List!B:B""), IMPORTRANGE(""https://docs.google.com/spreadsheets/d/1UUC6R1hVFPCYDEbJMIXaIBW-jeQYiKTRixeKD_tUHGw/edit?gid=0#"&"gid=0"", ""List!D:D""), ""-"")"),"ARTIFICIAL INTELLIGENCE AND DATA SCIENCE") -> ARTIFICIAL INTELLIGENCE AND DATA SCIENCE | E68: EXL Service | F68: 6.5 | G68: Joined | H68: Offline | I68: ITP | J68: AI Data Analyst | K68: =IFERROR(__xludf.DUMMYFUNCTION("XLOOKUP(B68, IMPORTRANGE(""https://docs.google.com/spreadsheets/d/1GpX_8hJc54hBz8KrakqcWdiXAS6pjY1zWE_9fWBXnEM/edit?gid=1460649486#gid=1460649486"", ""List!B:B""), IMPORTRANGE(""https://docs.google.com/spreadsheets/d/1GpX_8hJc54hBz8KrakqcWdiXAS6pjY1zWE_9f"&"WBXnEM/edit?gid=1460649486#gid=1460649486"", ""List!E:E""), ""-"")"),"dharshini.ad23@bitsathy.ac.in") -> dharshini.ad23@bitsathy.ac.in | L68: =IFERROR(__xludf.DUMMYFUNCTION("XLOOKUP(B68, IMPORTRANGE(""https://docs.google.com/spreadsheets/d/1GpX_8hJc54hBz8KrakqcWdiXAS6pjY1zWE_9fWBXnEM/edit?gid=1460649486#gid=1460649486"", ""List!B:B""), IMPORTRANGE(""https://docs.google.com/spreadsheets/d/1GpX_8hJc54hBz8KrakqcWdiXAS6pjY1zWE_9f"&"WBXnEM/edit?gid=1460649486#gid=1460649486"", ""List!G:G""), ""-"")"),"7708571672") -> 7708571672 | M68: T&P | N68: 17.04.2026 | X68: 7376232AD130 - EXL Service.pdf
A69: 68 | B69: 7376232AD275 | C69: =IFERROR(__xludf.DUMMYFUNCTION("XLOOKUP(B69, IMPORTRANGE(""https://docs.google.com/spreadsheets/d/1UUC6R1hVFPCYDEbJMIXaIBW-jeQYiKTRixeKD_tUHGw/edit?gid=0#gid=0"", ""List!B:B""), IMPORTRANGE(""https://docs.google.com/spreadsheets/d/1UUC6R1hVFPCYDEbJMIXaIBW-jeQYiKTRixeKD_tUHGw/edit?gid=0#"&"gid=0"", ""List!C:C""), ""-"")"),"UDHAYAKARTHICK N") -> UDHAYAKARTHICK N | D69: =IFERROR(__xludf.DUMMYFUNCTION("XLOOKUP(B69, IMPORTRANGE(""https://docs.google.com/spreadsheets/d/1UUC6R1hVFPCYDEbJMIXaIBW-jeQYiKTRixeKD_tUHGw/edit?gid=0#gid=0"", ""List!B:B""), IMPORTRANGE(""https://docs.google.com/spreadsheets/d/1UUC6R1hVFPCYDEbJMIXaIBW-jeQYiKTRixeKD_tUHGw/edit?gid=0#"&"gid=0"", ""List!D:D""), ""-"")"),"ARTIFICIAL INTELLIGENCE AND DATA SCIENCE") -> ARTIFICIAL INTELLIGENCE AND DATA SCIENCE | E69: EXL Service | F69: 10 | G69: Joined | H69: Offline | I69: ITP | J69: AI Engineer | K69: =IFERROR(__xludf.DUMMYFUNCTION("XLOOKUP(B69, IMPORTRANGE(""https://docs.google.com/spreadsheets/d/1GpX_8hJc54hBz8KrakqcWdiXAS6pjY1zWE_9fWBXnEM/edit?gid=1460649486#gid=1460649486"", ""List!B:B""), IMPORTRANGE(""https://docs.google.com/spreadsheets/d/1GpX_8hJc54hBz8KrakqcWdiXAS6pjY1zWE_9f"&"WBXnEM/edit?gid=1460649486#gid=1460649486"", ""List!E:E""), ""-"")"),"udhayakarthick.ad23@bitsathy.ac.in") -> udhayakarthick.ad23@bitsathy.ac.in | L69: =IFERROR(__xludf.DUMMYFUNCTION("XLOOKUP(B69, IMPORTRANGE(""https://docs.google.com/spreadsheets/d/1GpX_8hJc54hBz8KrakqcWdiXAS6pjY1zWE_9fWBXnEM/edit?gid=1460649486#gid=1460649486"", ""List!B:B""), IMPORTRANGE(""https://docs.google.com/spreadsheets/d/1GpX_8hJc54hBz8KrakqcWdiXAS6pjY1zWE_9f"&"WBXnEM/edit?gid=1460649486#gid=1460649486"", ""List!G:G""), ""-"")"),"7810084530") -> 7810084530 | M69: T&P | N69: 17.04.2026 | X69: 7376232AD275 - EXL Service.pdf
A70: 69 | B70: 7376232CB109 | C70: =IFERROR(__xludf.DUMMYFUNCTION("XLOOKUP(B70, IMPORTRANGE(""https://docs.google.com/spreadsheets/d/1UUC6R1hVFPCYDEbJMIXaIBW-jeQYiKTRixeKD_tUHGw/edit?gid=0#gid=0"", ""List!B:B""), IMPORTRANGE(""https://docs.google.com/spreadsheets/d/1UUC6R1hVFPCYDEbJMIXaIBW-jeQYiKTRixeKD_tUHGw/edit?gid=0#"&"gid=0"", ""List!C:C""), ""-"")"),"DHARNESH K") -> DHARNESH K | D70: =IFERROR(__xludf.DUMMYFUNCTION("XLOOKUP(B70, IMPORTRANGE(""https://docs.google.com/spreadsheets/d/1UUC6R1hVFPCYDEbJMIXaIBW-jeQYiKTRixeKD_tUHGw/edit?gid=0#gid=0"", ""List!B:B""), IMPORTRANGE(""https://docs.google.com/spreadsheets/d/1UUC6R1hVFPCYDEbJMIXaIBW-jeQYiKTRixeKD_tUHGw/edit?gid=0#"&"gid=0"", ""List!D:D""), ""-"")"),"COMPUTER SCIENCE AND BUSINESS SYSTEMS") -> COMPUTER SCIENCE AND BUSINESS SYSTEMS | E70: EXL Service | F70: 6.5 | G70: Joined | H70: Offline | I70: ITP | J70: AI Data Analyst | K70: =IFERROR(__xludf.DUMMYFUNCTION("XLOOKUP(B70, IMPORTRANGE(""https://docs.google.com/spreadsheets/d/1GpX_8hJc54hBz8KrakqcWdiXAS6pjY1zWE_9fWBXnEM/edit?gid=1460649486#gid=1460649486"", ""List!B:B""), IMPORTRANGE(""https://docs.google.com/spreadsheets/d/1GpX_8hJc54hBz8KrakqcWdiXAS6pjY1zWE_9f"&"WBXnEM/edit?gid=1460649486#gid=1460649486"", ""List!E:E""), ""-"")"),"dharnesh.cb23@bitsathy.ac.in") -> dharnesh.cb23@bitsathy.ac.in | L70: =IFERROR(__xludf.DUMMYFUNCTION("XLOOKUP(B70, IMPORTRANGE(""https://docs.google.com/spreadsheets/d/1GpX_8hJc54hBz8KrakqcWdiXAS6pjY1zWE_9fWBXnEM/edit?gid=1460649486#gid=1460649486"", ""List!B:B""), IMPORTRANGE(""https://docs.google.com/spreadsheets/d/1GpX_8hJc54hBz8KrakqcWdiXAS6pjY1zWE_9f"&"WBXnEM/edit?gid=1460649486#gid=1460649486"", ""List!G:G""), ""-"")"),"9342608606") -> 9342608606 | M70: T&P | N70: 17.04.2026 | X70: 7376232CB109 - EXL Service.pdf
A71: 70 | B71: 7376232CB136 | C71: =IFERROR(__xludf.DUMMYFUNCTION("XLOOKUP(B71, IMPORTRANGE(""https://docs.google.com/spreadsheets/d/1UUC6R1hVFPCYDEbJMIXaIBW-jeQYiKTRixeKD_tUHGw/edit?gid=0#gid=0"", ""List!B:B""), IMPORTRANGE(""https://docs.google.com/spreadsheets/d/1UUC6R1hVFPCYDEbJMIXaIBW-jeQYiKTRixeKD_tUHGw/edit?gid=0#"&"gid=0"", ""List!C:C""), ""-"")"),"PRANAV BALAJI P MA") -> PRANAV BALAJI P MA | D71: =IFERROR(__xludf.DUMMYFUNCTION("XLOOKUP(B71, IMPORTRANGE(""https://docs.google.com/spreadsheets/d/1UUC6R1hVFPCYDEbJMIXaIBW-jeQYiKTRixeKD_tUHGw/edit?gid=0#gid=0"", ""List!B:B""), IMPORTRANGE(""https://docs.google.com/spreadsheets/d/1UUC6R1hVFPCYDEbJMIXaIBW-jeQYiKTRixeKD_tUHGw/edit?gid=0#"&"gid=0"", ""List!D:D""), ""-"")"),"COMPUTER SCIENCE AND BUSINESS SYSTEMS") -> COMPUTER SCIENCE AND BUSINESS SYSTEMS | E71: EXL Service | F71: 6.5 | G71: Joined | H71: Offline | I71: ITP | J71: AI Data Analyst | K71: =IFERROR(__xludf.DUMMYFUNCTION("XLOOKUP(B71, IMPORTRANGE(""https://docs.google.com/spreadsheets/d/1GpX_8hJc54hBz8KrakqcWdiXAS6pjY1zWE_9fWBXnEM/edit?gid=1460649486#gid=1460649486"", ""List!B:B""), IMPORTRANGE(""https://docs.google.com/spreadsheets/d/1GpX_8hJc54hBz8KrakqcWdiXAS6pjY1zWE_9f"&"WBXnEM/edit?gid=1460649486#gid=1460649486"", ""List!E:E""), ""-"")"),"pranavbalaji.cb23@bitsathy.ac.in") -> pranavbalaji.cb23@bitsathy.ac.in | L71: =IFERROR(__xludf.DUMMYFUNCTION("XLOOKUP(B71, IMPORTRANGE(""https://docs.google.com/spreadsheets/d/1GpX_8hJc54hBz8KrakqcWdiXAS6pjY1zWE_9fWBXnEM/edit?gid=1460649486#gid=1460649486"", ""List!B:B""), IMPORTRANGE(""https://docs.google.com/spreadsheets/d/1GpX_8hJc54hBz8KrakqcWdiXAS6pjY1zWE_9f"&"WBXnEM/edit?gid=1460649486#gid=1460649486"", ""List!G:G""), ""-"")"),"9080712767") -> 9080712767 | M71: T&P | N71: 17.04.2026 | X71: 7376232CB136 - EXL Service.pdf
A72: 71 | B72: 7376231EC242 | C72: =IFERROR(__xludf.DUMMYFUNCTION("XLOOKUP(B72, IMPORTRANGE(""https://docs.google.com/spreadsheets/d/1UUC6R1hVFPCYDEbJMIXaIBW-jeQYiKTRixeKD_tUHGw/edit?gid=0#gid=0"", ""List!B:B""), IMPORTRANGE(""https://docs.google.com/spreadsheets/d/1UUC6R1hVFPCYDEbJMIXaIBW-jeQYiKTRixeKD_tUHGw/edit?gid=0#"&"gid=0"", ""List!C:C""), ""-"")"),"PRASANNAVADHANA V") -> PRASANNAVADHANA V | D72: =IFERROR(__xludf.DUMMYFUNCTION("XLOOKUP(B72, IMPORTRANGE(""https://docs.google.com/spreadsheets/d/1UUC6R1hVFPCYDEbJMIXaIBW-jeQYiKTRixeKD_tUHGw/edit?gid=0#gid=0"", ""List!B:B""), IMPORTRANGE(""https://docs.google.com/spreadsheets/d/1UUC6R1hVFPCYDEbJMIXaIBW-jeQYiKTRixeKD_tUHGw/edit?gid=0#"&"gid=0"", ""List!D:D""), ""-"")"),"ELECTRONICS AND COMMUNICATION ENGINEERING") -> ELECTRONICS AND COMMUNICATION ENGINEERING | E72: Infineon Technologies | F72: 6 | G72: Joined | I72: CORE | J72: Embedded Firmware Engineer | K72: =IFERROR(__xludf.DUMMYFUNCTION("XLOOKUP(B72, IMPORTRANGE(""https://docs.google.com/spreadsheets/d/1GpX_8hJc54hBz8KrakqcWdiXAS6pjY1zWE_9fWBXnEM/edit?gid=1460649486#gid=1460649486"", ""List!B:B""), IMPORTRANGE(""https://docs.google.com/spreadsheets/d/1GpX_8hJc54hBz8KrakqcWdiXAS6pjY1zWE_9f"&"WBXnEM/edit?gid=1460649486#gid=1460649486"", ""List!E:E""), ""-"")"),"prasannavadhana.ec23@bitsathy.ac.in") -> prasannavadhana.ec23@bitsathy.ac.in | L72: =IFERROR(__xludf.DUMMYFUNCTION("XLOOKUP(B72, IMPORTRANGE(""https://docs.google.com/spreadsheets/d/1GpX_8hJc54hBz8KrakqcWdiXAS6pjY1zWE_9fWBXnEM/edit?gid=1460649486#gid=1460649486"", ""List!B:B""), IMPORTRANGE(""https://docs.google.com/spreadsheets/d/1GpX_8hJc54hBz8KrakqcWdiXAS6pjY1zWE_9f"&"WBXnEM/edit?gid=1460649486#gid=1460649486"", ""List!G:G""), ""-"")"),"7598897375") -> 7598897375 | M72: S.Lab | N72: 08.05.2026
A73: 72 | B73: 7376231EC188 | C73: =IFERROR(__xludf.DUMMYFUNCTION("XLOOKUP(B73, IMPORTRANGE(""https://docs.google.com/spreadsheets/d/1UUC6R1hVFPCYDEbJMIXaIBW-jeQYiKTRixeKD_tUHGw/edit?gid=0#gid=0"", ""List!B:B""), IMPORTRANGE(""https://docs.google.com/spreadsheets/d/1UUC6R1hVFPCYDEbJMIXaIBW-jeQYiKTRixeKD_tUHGw/edit?gid=0#"&"gid=0"", ""List!C:C""), ""-"")"),"KAVYA C") -> KAVYA C | D73: =IFERROR(__xludf.DUMMYFUNCTION("XLOOKUP(B73, IMPORTRANGE(""https://docs.google.com/spreadsheets/d/1UUC6R1hVFPCYDEbJMIXaIBW-jeQYiKTRixeKD_tUHGw/edit?gid=0#gid=0"", ""List!B:B""), IMPORTRANGE(""https://docs.google.com/spreadsheets/d/1UUC6R1hVFPCYDEbJMIXaIBW-jeQYiKTRixeKD_tUHGw/edit?gid=0#"&"gid=0"", ""List!D:D""), ""-"")"),"ELECTRONICS AND COMMUNICATION ENGINEERING") -> ELECTRONICS AND COMMUNICATION ENGINEERING | E73: Slicktronix Medisens | F73: 3.6 | G73: Joined | I73: CORE | J73: Allow for Double the package | K73: =IFERROR(__xludf.DUMMYFUNCTION("XLOOKUP(B73, IMPORTRANGE(""https://docs.google.com/spreadsheets/d/1GpX_8hJc54hBz8KrakqcWdiXAS6pjY1zWE_9fWBXnEM/edit?gid=1460649486#gid=1460649486"", ""List!B:B""), IMPORTRANGE(""https://docs.google.com/spreadsheets/d/1GpX_8hJc54hBz8KrakqcWdiXAS6pjY1zWE_9f"&"WBXnEM/edit?gid=1460649486#gid=1460649486"", ""List!E:E""), ""-"")"),"kavya.ec23@bitsathy.ac.in") -> kavya.ec23@bitsathy.ac.in | L73: =IFERROR(__xludf.DUMMYFUNCTION("XLOOKUP(B73, IMPORTRANGE(""https://docs.google.com/spreadsheets/d/1GpX_8hJc54hBz8KrakqcWdiXAS6pjY1zWE_9fWBXnEM/edit?gid=1460649486#gid=1460649486"", ""List!B:B""), IMPORTRANGE(""https://docs.google.com/spreadsheets/d/1GpX_8hJc54hBz8KrakqcWdiXAS6pjY1zWE_9f"&"WBXnEM/edit?gid=1460649486#gid=1460649486"", ""List!G:G""), ""-"")"),"9361159844") -> 9361159844 | M73: T&P | N73: 23.05.2026
A74: 73 | B74: 7376231CS178 | C74: =IFERROR(__xludf.DUMMYFUNCTION("XLOOKUP(B74, IMPORTRANGE(""https://docs.google.com/spreadsheets/d/1UUC6R1hVFPCYDEbJMIXaIBW-jeQYiKTRixeKD_tUHGw/edit?gid=0#gid=0"", ""List!B:B""), IMPORTRANGE(""https://docs.google.com/spreadsheets/d/1UUC6R1hVFPCYDEbJMIXaIBW-jeQYiKTRixeKD_tUHGw/edit?gid=0#"&"gid=0"", ""List!C:C""), ""-"")"),"HEMALASREE S") -> HEMALASREE S | D74: =IFERROR(__xludf.DUMMYFUNCTION("XLOOKUP(B74, IMPORTRANGE(""https://docs.google.com/spreadsheets/d/1UUC6R1hVFPCYDEbJMIXaIBW-jeQYiKTRixeKD_tUHGw/edit?gid=0#gid=0"", ""List!B:B""), IMPORTRANGE(""https://docs.google.com/spreadsheets/d/1UUC6R1hVFPCYDEbJMIXaIBW-jeQYiKTRixeKD_tUHGw/edit?gid=0#"&"gid=0"", ""List!D:D""), ""-"")"),"COMPUTER SCIENCE AND ENGINEERING") -> COMPUTER SCIENCE AND ENGINEERING | E74: Excelacom Technologies | F74: 4 | G74: Not Joined | I74: ITP | J74: Dont Allow | K74: =IFERROR(__xludf.DUMMYFUNCTION("XLOOKUP(B74, IMPORTRANGE(""https://docs.google.com/spreadsheets/d/1GpX_8hJc54hBz8KrakqcWdiXAS6pjY1zWE_9fWBXnEM/edit?gid=1460649486#gid=1460649486"", ""List!B:B""), IMPORTRANGE(""https://docs.google.com/spreadsheets/d/1GpX_8hJc54hBz8KrakqcWdiXAS6pjY1zWE_9f"&"WBXnEM/edit?gid=1460649486#gid=1460649486"", ""List!E:E""), ""-"")"),"hemalasree.cs23@bitsathy.ac.in") -> hemalasree.cs23@bitsathy.ac.in | L74: =IFERROR(__xludf.DUMMYFUNCTION("XLOOKUP(B74, IMPORTRANGE(""https://docs.google.com/spreadsheets/d/1GpX_8hJc54hBz8KrakqcWdiXAS6pjY1zWE_9fWBXnEM/edit?gid=1460649486#gid=1460649486"", ""List!B:B""), IMPORTRANGE(""https://docs.google.com/spreadsheets/d/1GpX_8hJc54hBz8KrakqcWdiXAS6pjY1zWE_9f"&"WBXnEM/edit?gid=1460649486#gid=1460649486"", ""List!G:G""), ""-"")"),"9092952997") -> 9092952997 | M74: T&P | N74: 01.06.2026
A75: 74 | B75: 7376232AD157 | C75: =IFERROR(__xludf.DUMMYFUNCTION("XLOOKUP(B75, IMPORTRANGE(""https://docs.google.com/spreadsheets/d/1UUC6R1hVFPCYDEbJMIXaIBW-jeQYiKTRixeKD_tUHGw/edit?gid=0#gid=0"", ""List!B:B""), IMPORTRANGE(""https://docs.google.com/spreadsheets/d/1UUC6R1hVFPCYDEbJMIXaIBW-jeQYiKTRixeKD_tUHGw/edit?gid=0#"&"gid=0"", ""List!C:C""), ""-"")"),"ISHWARYA R") -> ISHWARYA R | D75: =IFERROR(__xludf.DUMMYFUNCTION("XLOOKUP(B75, IMPORTRANGE(""https://docs.google.com/spreadsheets/d/1UUC6R1hVFPCYDEbJMIXaIBW-jeQYiKTRixeKD_tUHGw/edit?gid=0#gid=0"", ""List!B:B""), IMPORTRANGE(""https://docs.google.com/spreadsheets/d/1UUC6R1hVFPCYDEbJMIXaIBW-jeQYiKTRixeKD_tUHGw/edit?gid=0#"&"gid=0"", ""List!D:D""), ""-"")"),"ARTIFICIAL INTELLIGENCE AND DATA SCIENCE") -> ARTIFICIAL INTELLIGENCE AND DATA SCIENCE | E75: Excelacom Technologies | F75: 4 | G75: Not Joined | I75: ITP | J75: Allow for Double the package | K75: =IFERROR(__xludf.DUMMYFUNCTION("XLOOKUP(B75, IMPORTRANGE(""https://docs.google.com/spreadsheets/d/1GpX_8hJc54hBz8KrakqcWdiXAS6pjY1zWE_9fWBXnEM/edit?gid=1460649486#gid=1460649486"", ""List!B:B""), IMPORTRANGE(""https://docs.google.com/spreadsheets/d/1GpX_8hJc54hBz8KrakqcWdiXAS6pjY1zWE_9f"&"WBXnEM/edit?gid=1460649486#gid=1460649486"", ""List!E:E""), ""-"")"),"ishwarya.ad23@bitsathy.ac.in") -> ishwarya.ad23@bitsathy.ac.in | L75: =IFERROR(__xludf.DUMMYFUNCTION("XLOOKUP(B75, IMPORTRANGE(""https://docs.google.com/spreadsheets/d/1GpX_8hJc54hBz8KrakqcWdiXAS6pjY1zWE_9fWBXnEM/edit?gid=1460649486#gid=1460649486"", ""List!B:B""), IMPORTRANGE(""https://docs.google.com/spreadsheets/d/1GpX_8hJc54hBz8KrakqcWdiXAS6pjY1zWE_9f"&"WBXnEM/edit?gid=1460649486#gid=1460649486"", ""List!G:G""), ""-"")"),"9489523948") -> 9489523948 | M75: T&P | N75: 01.06.2026
A76: 75 | B76: 7376232AD164 | C76: =IFERROR(__xludf.DUMMYFUNCTION("XLOOKUP(B76, IMPORTRANGE(""https://docs.google.com/spreadsheets/d/1UUC6R1hVFPCYDEbJMIXaIBW-jeQYiKTRixeKD_tUHGw/edit?gid=0#gid=0"", ""List!B:B""), IMPORTRANGE(""https://docs.google.com/spreadsheets/d/1UUC6R1hVFPCYDEbJMIXaIBW-jeQYiKTRixeKD_tUHGw/edit?gid=0#"&"gid=0"", ""List!C:C""), ""-"")"),"JEEVITHA S") -> JEEVITHA S | D76: =IFERROR(__xludf.DUMMYFUNCTION("XLOOKUP(B76, IMPORTRANGE(""https://docs.google.com/spreadsheets/d/1UUC6R1hVFPCYDEbJMIXaIBW-jeQYiKTRixeKD_tUHGw/edit?gid=0#gid=0"", ""List!B:B""), IMPORTRANGE(""https://docs.google.com/spreadsheets/d/1UUC6R1hVFPCYDEbJMIXaIBW-jeQYiKTRixeKD_tUHGw/edit?gid=0#"&"gid=0"", ""List!D:D""), ""-"")"),"ARTIFICIAL INTELLIGENCE AND DATA SCIENCE") -> ARTIFICIAL INTELLIGENCE AND DATA SCIENCE | E76: Excelacom Technologies | F76: 4 | G76: Not Joined | I76: ITP | J76: Allow | K76: =IFERROR(__xludf.DUMMYFUNCTION("XLOOKUP(B76, IMPORTRANGE(""https://docs.google.com/spreadsheets/d/1GpX_8hJc54hBz8KrakqcWdiXAS6pjY1zWE_9fWBXnEM/edit?gid=1460649486#gid=1460649486"", ""List!B:B""), IMPORTRANGE(""https://docs.google.com/spreadsheets/d/1GpX_8hJc54hBz8KrakqcWdiXAS6pjY1zWE_9f"&"WBXnEM/edit?gid=1460649486#gid=1460649486"", ""List!E:E""), ""-"")"),"jeevitha.ad23@bitsathy.ac.in") -> jeevitha.ad23@bitsathy.ac.in | L76: =IFERROR(__xludf.DUMMYFUNCTION("XLOOKUP(B76, IMPORTRANGE(""https://docs.google.com/spreadsheets/d/1GpX_8hJc54hBz8KrakqcWdiXAS6pjY1zWE_9fWBXnEM/edit?gid=1460649486#gid=1460649486"", ""List!B:B""), IMPORTRANGE(""https://docs.google.com/spreadsheets/d/1GpX_8hJc54hBz8KrakqcWdiXAS6pjY1zWE_9f"&"WBXnEM/edit?gid=1460649486#gid=1460649486"", ""List!G:G""), ""-"")"),"6305092826") -> 6305092826 | M76: T&P | N76: 01.06.2026
A77: 76 | B77: 7376232AL143 | C77: =IFERROR(__xludf.DUMMYFUNCTION("XLOOKUP(B77, IMPORTRANGE(""https://docs.google.com/spreadsheets/d/1UUC6R1hVFPCYDEbJMIXaIBW-jeQYiKTRixeKD_tUHGw/edit?gid=0#gid=0"", ""List!B:B""), IMPORTRANGE(""https://docs.google.com/spreadsheets/d/1UUC6R1hVFPCYDEbJMIXaIBW-jeQYiKTRixeKD_tUHGw/edit?gid=0#"&"gid=0"", ""List!C:C""), ""-"")"),"KISHORE R") -> KISHORE R | D77: =IFERROR(__xludf.DUMMYFUNCTION("XLOOKUP(B77, IMPORTRANGE(""https://docs.google.com/spreadsheets/d/1UUC6R1hVFPCYDEbJMIXaIBW-jeQYiKTRixeKD_tUHGw/edit?gid=0#gid=0"", ""List!B:B""), IMPORTRANGE(""https://docs.google.com/spreadsheets/d/1UUC6R1hVFPCYDEbJMIXaIBW-jeQYiKTRixeKD_tUHGw/edit?gid=0#"&"gid=0"", ""List!D:D""), ""-"")"),"ARTIFICIAL INTELLIGENCE AND MACHINE LEARNING") -> ARTIFICIAL INTELLIGENCE AND MACHINE LEARNING | E77: Excelacom Technologies | F77: 4 | G77: Not Joined | I77: ITP | J77: Allow for Double the package | K77: =IFERROR(__xludf.DUMMYFUNCTION("XLOOKUP(B77, IMPORTRANGE(""https://docs.google.com/spreadsheets/d/1GpX_8hJc54hBz8KrakqcWdiXAS6pjY1zWE_9fWBXnEM/edit?gid=1460649486#gid=1460649486"", ""List!B:B""), IMPORTRANGE(""https://docs.google.com/spreadsheets/d/1GpX_8hJc54hBz8KrakqcWdiXAS6pjY1zWE_9f"&"WBXnEM/edit?gid=1460649486#gid=1460649486"", ""List!E:E""), ""-"")"),"kishore.al23@bitsathy.ac.in") -> kishore.al23@bitsathy.ac.in | L77: =IFERROR(__xludf.DUMMYFUNCTION("XLOOKUP(B77, IMPORTRANGE(""https://docs.google.com/spreadsheets/d/1GpX_8hJc54hBz8KrakqcWdiXAS6pjY1zWE_9fWBXnEM/edit?gid=1460649486#gid=1460649486"", ""List!B:B""), IMPORTRANGE(""https://docs.google.com/spreadsheets/d/1GpX_8hJc54hBz8KrakqcWdiXAS6pjY1zWE_9f"&"WBXnEM/edit?gid=1460649486#gid=1460649486"", ""List!G:G""), ""-"")"),"8807303469") -> 8807303469 | M77: T&P | N77: 01.06.2026
A78: 77 | B78: 7376232AD202 | C78: =IFERROR(__xludf.DUMMYFUNCTION("XLOOKUP(B78, IMPORTRANGE(""https://docs.google.com/spreadsheets/d/1UUC6R1hVFPCYDEbJMIXaIBW-jeQYiKTRixeKD_tUHGw/edit?gid=0#gid=0"", ""List!B:B""), IMPORTRANGE(""https://docs.google.com/spreadsheets/d/1UUC6R1hVFPCYDEbJMIXaIBW-jeQYiKTRixeKD_tUHGw/edit?gid=0#"&"gid=0"", ""List!C:C""), ""-"")"),"NANDIDWAJ R G") -> NANDIDWAJ R G | D78: =IFERROR(__xludf.DUMMYFUNCTION("XLOOKUP(B78, IMPORTRANGE(""https://docs.google.com/spreadsheets/d/1UUC6R1hVFPCYDEbJMIXaIBW-jeQYiKTRixeKD_tUHGw/edit?gid=0#gid=0"", ""List!B:B""), IMPORTRANGE(""https://docs.google.com/spreadsheets/d/1UUC6R1hVFPCYDEbJMIXaIBW-jeQYiKTRixeKD_tUHGw/edit?gid=0#"&"gid=0"", ""List!D:D""), ""-"")"),"ARTIFICIAL INTELLIGENCE AND DATA SCIENCE") -> ARTIFICIAL INTELLIGENCE AND DATA SCIENCE | E78: Excelacom Technologies | F78: 4 | G78: Not Joined | I78: ITP | J78: Dont Allow | K78: =IFERROR(__xludf.DUMMYFUNCTION("XLOOKUP(B78, IMPORTRANGE(""https://docs.google.com/spreadsheets/d/1GpX_8hJc54hBz8KrakqcWdiXAS6pjY1zWE_9fWBXnEM/edit?gid=1460649486#gid=1460649486"", ""List!B:B""), IMPORTRANGE(""https://docs.google.com/spreadsheets/d/1GpX_8hJc54hBz8KrakqcWdiXAS6pjY1zWE_9f"&"WBXnEM/edit?gid=1460649486#gid=1460649486"", ""List!E:E""), ""-"")"),"nandidwaj.ad23@bitsathy.ac.in") -> nandidwaj.ad23@bitsathy.ac.in | L78: =IFERROR(__xludf.DUMMYFUNCTION("XLOOKUP(B78, IMPORTRANGE(""https://docs.google.com/spreadsheets/d/1GpX_8hJc54hBz8KrakqcWdiXAS6pjY1zWE_9fWBXnEM/edit?gid=1460649486#gid=1460649486"", ""List!B:B""), IMPORTRANGE(""https://docs.google.com/spreadsheets/d/1GpX_8hJc54hBz8KrakqcWdiXAS6pjY1zWE_9f"&"WBXnEM/edit?gid=1460649486#gid=1460649486"", ""List!G:G""), ""-"")"),"9345903662") -> 9345903662 | M78: T&P | N78: 01.06.2026
A79: 78 | B79: 7376231CS252 | C79: =IFERROR(__xludf.DUMMYFUNCTION("XLOOKUP(B79, IMPORTRANGE(""https://docs.google.com/spreadsheets/d/1UUC6R1hVFPCYDEbJMIXaIBW-jeQYiKTRixeKD_tUHGw/edit?gid=0#gid=0"", ""List!B:B""), IMPORTRANGE(""https://docs.google.com/spreadsheets/d/1UUC6R1hVFPCYDEbJMIXaIBW-jeQYiKTRixeKD_tUHGw/edit?gid=0#"&"gid=0"", ""List!C:C""), ""-"")"),"NITHISH S") -> NITHISH S | D79: =IFERROR(__xludf.DUMMYFUNCTION("XLOOKUP(B79, IMPORTRANGE(""https://docs.google.com/spreadsheets/d/1UUC6R1hVFPCYDEbJMIXaIBW-jeQYiKTRixeKD_tUHGw/edit?gid=0#gid=0"", ""List!B:B""), IMPORTRANGE(""https://docs.google.com/spreadsheets/d/1UUC6R1hVFPCYDEbJMIXaIBW-jeQYiKTRixeKD_tUHGw/edit?gid=0#"&"gid=0"", ""List!D:D""), ""-"")"),"COMPUTER SCIENCE AND ENGINEERING") -> COMPUTER SCIENCE AND ENGINEERING | E79: Excelacom Technologies | F79: 4 | G79: Not Joined | I79: ITP | J79: Allow | K79: =IFERROR(__xludf.DUMMYFUNCTION("XLOOKUP(B79, IMPORTRANGE(""https://docs.google.com/spreadsheets/d/1GpX_8hJc54hBz8KrakqcWdiXAS6pjY1zWE_9fWBXnEM/edit?gid=1460649486#gid=1460649486"", ""List!B:B""), IMPORTRANGE(""https://docs.google.com/spreadsheets/d/1GpX_8hJc54hBz8KrakqcWdiXAS6pjY1zWE_9f"&"WBXnEM/edit?gid=1460649486#gid=1460649486"", ""List!E:E""), ""-"")"),"nithish.cs23@bitsathy.ac.in") -> nithish.cs23@bitsathy.ac.in | L79: =IFERROR(__xludf.DUMMYFUNCTION("XLOOKUP(B79, IMPORTRANGE(""https://docs.google.com/spreadsheets/d/1GpX_8hJc54hBz8KrakqcWdiXAS6pjY1zWE_9fWBXnEM/edit?gid=1460649486#gid=1460649486"", ""List!B:B""), IMPORTRANGE(""https://docs.google.com/spreadsheets/d/1GpX_8hJc54hBz8KrakqcWdiXAS6pjY1zWE_9f"&"WBXnEM/edit?gid=1460649486#gid=1460649486"", ""List!G:G""), ""-"")"),"7695807040") -> 7695807040 | M79: T&P | N79: 01.06.2026
A80: 79 | B80: 7376232CT134 | C80: =IFERROR(__xludf.DUMMYFUNCTION("XLOOKUP(B80, IMPORTRANGE(""https://docs.google.com/spreadsheets/d/1UUC6R1hVFPCYDEbJMIXaIBW-jeQYiKTRixeKD_tUHGw/edit?gid=0#gid=0"", ""List!B:B""), IMPORTRANGE(""https://docs.google.com/spreadsheets/d/1UUC6R1hVFPCYDEbJMIXaIBW-jeQYiKTRixeKD_tUHGw/edit?gid=0#"&"gid=0"", ""List!C:C""), ""-"")"),"RAAJA HARI VIGNESH S") -> RAAJA HARI VIGNESH S | D80: =IFERROR(__xludf.DUMMYFUNCTION("XLOOKUP(B80, IMPORTRANGE(""https://docs.google.com/spreadsheets/d/1UUC6R1hVFPCYDEbJMIXaIBW-jeQYiKTRixeKD_tUHGw/edit?gid=0#gid=0"", ""List!B:B""), IMPORTRANGE(""https://docs.google.com/spreadsheets/d/1UUC6R1hVFPCYDEbJMIXaIBW-jeQYiKTRixeKD_tUHGw/edit?gid=0#"&"gid=0"", ""List!D:D""), ""-"")"),"COMPUTER TECHNOLOGY") -> COMPUTER TECHNOLOGY | E80: Excelacom Technologies | F80: 4 | G80: Not Joined | I80: ITP | J80: Allow for Double the package | K80: =IFERROR(__xludf.DUMMYFUNCTION("XLOOKUP(B80, IMPORTRANGE(""https://docs.google.com/spreadsheets/d/1GpX_8hJc54hBz8KrakqcWdiXAS6pjY1zWE_9fWBXnEM/edit?gid=1460649486#gid=1460649486"", ""List!B:B""), IMPORTRANGE(""https://docs.google.com/spreadsheets/d/1GpX_8hJc54hBz8KrakqcWdiXAS6pjY1zWE_9f"&"WBXnEM/edit?gid=1460649486#gid=1460649486"", ""List!E:E""), ""-"")"),"raajaharivignesh.ct23@bitsathy.ac.in") -> raajaharivignesh.ct23@bitsathy.ac.in | L80: =IFERROR(__xludf.DUMMYFUNCTION("XLOOKUP(B80, IMPORTRANGE(""https://docs.google.com/spreadsheets/d/1GpX_8hJc54hBz8KrakqcWdiXAS6pjY1zWE_9fWBXnEM/edit?gid=1460649486#gid=1460649486"", ""List!B:B""), IMPORTRANGE(""https://docs.google.com/spreadsheets/d/1GpX_8hJc54hBz8KrakqcWdiXAS6pjY1zWE_9f"&"WBXnEM/edit?gid=1460649486#gid=1460649486"", ""List!G:G""), ""-"")"),"7339565407") -> 7339565407 | M80: T&P | N80: 01.06.2026
A81: 80 | B81: 7376232AD253 | C81: =IFERROR(__xludf.DUMMYFUNCTION("XLOOKUP(B81, IMPORTRANGE(""https://docs.google.com/spreadsheets/d/1UUC6R1hVFPCYDEbJMIXaIBW-jeQYiKTRixeKD_tUHGw/edit?gid=0#gid=0"", ""List!B:B""), IMPORTRANGE(""https://docs.google.com/spreadsheets/d/1UUC6R1hVFPCYDEbJMIXaIBW-jeQYiKTRixeKD_tUHGw/edit?gid=0#"&"gid=0"", ""List!C:C""), ""-"")"),"SHARVESWAR S") -> SHARVESWAR S | D81: =IFERROR(__xludf.DUMMYFUNCTION("XLOOKUP(B81, IMPORTRANGE(""https://docs.google.com/spreadsheets/d/1UUC6R1hVFPCYDEbJMIXaIBW-jeQYiKTRixeKD_tUHGw/edit?gid=0#gid=0"", ""List!B:B""), IMPORTRANGE(""https://docs.google.com/spreadsheets/d/1UUC6R1hVFPCYDEbJMIXaIBW-jeQYiKTRixeKD_tUHGw/edit?gid=0#"&"gid=0"", ""List!D:D""), ""-"")"),"ARTIFICIAL INTELLIGENCE AND DATA SCIENCE") -> ARTIFICIAL INTELLIGENCE AND DATA SCIENCE | E81: Excelacom Technologies | F81: 4 | G81: Not Joined | I81: ITP | J81: Allow | K81: =IFERROR(__xludf.DUMMYFUNCTION("XLOOKUP(B81, IMPORTRANGE(""https://docs.google.com/spreadsheets/d/1GpX_8hJc54hBz8KrakqcWdiXAS6pjY1zWE_9fWBXnEM/edit?gid=1460649486#gid=1460649486"", ""List!B:B""), IMPORTRANGE(""https://docs.google.com/spreadsheets/d/1GpX_8hJc54hBz8KrakqcWdiXAS6pjY1zWE_9f"&"WBXnEM/edit?gid=1460649486#gid=1460649486"", ""List!E:E""), ""-"")"),"sharveswar.ad23@bitsathy.ac.in") -> sharveswar.ad23@bitsathy.ac.in | L81: =IFERROR(__xludf.DUMMYFUNCTION("XLOOKUP(B81, IMPORTRANGE(""https://docs.google.com/spreadsheets/d/1GpX_8hJc54hBz8KrakqcWdiXAS6pjY1zWE_9fWBXnEM/edit?gid=1460649486#gid=1460649486"", ""List!B:B""), IMPORTRANGE(""https://docs.google.com/spreadsheets/d/1GpX_8hJc54hBz8KrakqcWdiXAS6pjY1zWE_9f"&"WBXnEM/edit?gid=1460649486#gid=1460649486"", ""List!G:G""), ""-"")"),"8667828317") -> 8667828317 | M81: T&P | N81: 01.06.2026
A82: 81 | B82: 7376231CS317 | C82: =IFERROR(__xludf.DUMMYFUNCTION("XLOOKUP(B82, IMPORTRANGE(""https://docs.google.com/spreadsheets/d/1UUC6R1hVFPCYDEbJMIXaIBW-jeQYiKTRixeKD_tUHGw/edit?gid=0#gid=0"", ""List!B:B""), IMPORTRANGE(""https://docs.google.com/spreadsheets/d/1UUC6R1hVFPCYDEbJMIXaIBW-jeQYiKTRixeKD_tUHGw/edit?gid=0#"&"gid=0"", ""List!C:C""), ""-"")"),"SOWUNDARYA R") -> SOWUNDARYA R | D82: =IFERROR(__xludf.DUMMYFUNCTION("XLOOKUP(B82, IMPORTRANGE(""https://docs.google.com/spreadsheets/d/1UUC6R1hVFPCYDEbJMIXaIBW-jeQYiKTRixeKD_tUHGw/edit?gid=0#gid=0"", ""List!B:B""), IMPORTRANGE(""https://docs.google.com/spreadsheets/d/1UUC6R1hVFPCYDEbJMIXaIBW-jeQYiKTRixeKD_tUHGw/edit?gid=0#"&"gid=0"", ""List!D:D""), ""-"")"),"COMPUTER SCIENCE AND ENGINEERING") -> COMPUTER SCIENCE AND ENGINEERING | E82: Excelacom Technologies | F82: 4 | G82: Not Joined | I82: ITP | J82: Allow | K82: =IFERROR(__xludf.DUMMYFUNCTION("XLOOKUP(B82, IMPORTRANGE(""https://docs.google.com/spreadsheets/d/1GpX_8hJc54hBz8KrakqcWdiXAS6pjY1zWE_9fWBXnEM/edit?gid=1460649486#gid=1460649486"", ""List!B:B""), IMPORTRANGE(""https://docs.google.com/spreadsheets/d/1GpX_8hJc54hBz8KrakqcWdiXAS6pjY1zWE_9f"&"WBXnEM/edit?gid=1460649486#gid=1460649486"", ""List!E:E""), ""-"")"),"sowundarya.cs23@bitsathy.ac.in") -> sowundarya.cs23@bitsathy.ac.in | L82: =IFERROR(__xludf.DUMMYFUNCTION("XLOOKUP(B82, IMPORTRANGE(""https://docs.google.com/spreadsheets/d/1GpX_8hJc54hBz8KrakqcWdiXAS6pjY1zWE_9fWBXnEM/edit?gid=1460649486#gid=1460649486"", ""List!B:B""), IMPORTRANGE(""https://docs.google.com/spreadsheets/d/1GpX_8hJc54hBz8KrakqcWdiXAS6pjY1zWE_9f"&"WBXnEM/edit?gid=1460649486#gid=1460649486"", ""List!G:G""), ""-"")"),"9360459115") -> 9360459115 | M82: T&P | N82: 01.06.2026
A83: 82 | B83: 7376232AD280 | C83: =IFERROR(__xludf.DUMMYFUNCTION("XLOOKUP(B83, IMPORTRANGE(""https://docs.google.com/spreadsheets/d/1UUC6R1hVFPCYDEbJMIXaIBW-jeQYiKTRixeKD_tUHGw/edit?gid=0#gid=0"", ""List!B:B""), IMPORTRANGE(""https://docs.google.com/spreadsheets/d/1UUC6R1hVFPCYDEbJMIXaIBW-jeQYiKTRixeKD_tUHGw/edit?gid=0#"&"gid=0"", ""List!C:C""), ""-"")"),"VISHNU A") -> VISHNU A | D83: =IFERROR(__xludf.DUMMYFUNCTION("XLOOKUP(B83, IMPORTRANGE(""https://docs.google.com/spreadsheets/d/1UUC6R1hVFPCYDEbJMIXaIBW-jeQYiKTRixeKD_tUHGw/edit?gid=0#gid=0"", ""List!B:B""), IMPORTRANGE(""https://docs.google.com/spreadsheets/d/1UUC6R1hVFPCYDEbJMIXaIBW-jeQYiKTRixeKD_tUHGw/edit?gid=0#"&"gid=0"", ""List!D:D""), ""-"")"),"ARTIFICIAL INTELLIGENCE AND DATA SCIENCE") -> ARTIFICIAL INTELLIGENCE AND DATA SCIENCE | E83: Excelacom Technologies | F83: 4 | G83: Not Joined | I83: ITP | J83: Allow | K83: =IFERROR(__xludf.DUMMYFUNCTION("XLOOKUP(B83, IMPORTRANGE(""https://docs.google.com/spreadsheets/d/1GpX_8hJc54hBz8KrakqcWdiXAS6pjY1zWE_9fWBXnEM/edit?gid=1460649486#gid=1460649486"", ""List!B:B""), IMPORTRANGE(""https://docs.google.com/spreadsheets/d/1GpX_8hJc54hBz8KrakqcWdiXAS6pjY1zWE_9f"&"WBXnEM/edit?gid=1460649486#gid=1460649486"", ""List!E:E""), ""-"")"),"vishnu.ad23@bitsathy.ac.in") -> vishnu.ad23@bitsathy.ac.in | L83: =IFERROR(__xludf.DUMMYFUNCTION("XLOOKUP(B83, IMPORTRANGE(""https://docs.google.com/spreadsheets/d/1GpX_8hJc54hBz8KrakqcWdiXAS6pjY1zWE_9fWBXnEM/edit?gid=1460649486#gid=1460649486"", ""List!B:B""), IMPORTRANGE(""https://docs.google.com/spreadsheets/d/1GpX_8hJc54hBz8KrakqcWdiXAS6pjY1zWE_9f"&"WBXnEM/edit?gid=1460649486#gid=1460649486"", ""List!G:G""), ""-"")"),"8148522603") -> 8148522603 | M83: T&P | N83: 01.06.2026
A84: 83 | B84: 7376231EE117 | C84: =IFERROR(__xludf.DUMMYFUNCTION("XLOOKUP(B84, IMPORTRANGE(""https://docs.google.com/spreadsheets/d/1UUC6R1hVFPCYDEbJMIXaIBW-jeQYiKTRixeKD_tUHGw/edit?gid=0#gid=0"", ""List!B:B""), IMPORTRANGE(""https://docs.google.com/spreadsheets/d/1UUC6R1hVFPCYDEbJMIXaIBW-jeQYiKTRixeKD_tUHGw/edit?gid=0#"&"gid=0"", ""List!C:C""), ""-"")"),"GOWTHAM T") -> GOWTHAM T | D84: =IFERROR(__xludf.DUMMYFUNCTION("XLOOKUP(B84, IMPORTRANGE(""https://docs.google.com/spreadsheets/d/1UUC6R1hVFPCYDEbJMIXaIBW-jeQYiKTRixeKD_tUHGw/edit?gid=0#gid=0"", ""List!B:B""), IMPORTRANGE(""https://docs.google.com/spreadsheets/d/1UUC6R1hVFPCYDEbJMIXaIBW-jeQYiKTRixeKD_tUHGw/edit?gid=0#"&"gid=0"", ""List!D:D""), ""-"")"),"ELECTRICAL AND ELECTRONICS ENGINEERING") -> ELECTRICAL AND ELECTRONICS ENGINEERING | E84: Shakra Innovations | F84: 5.25 | G84: Joined | I84: CORE | J84: Don't Allow | K84: =IFERROR(__xludf.DUMMYFUNCTION("XLOOKUP(B84, IMPORTRANGE(""https://docs.google.com/spreadsheets/d/1GpX_8hJc54hBz8KrakqcWdiXAS6pjY1zWE_9fWBXnEM/edit?gid=1460649486#gid=1460649486"", ""List!B:B""), IMPORTRANGE(""https://docs.google.com/spreadsheets/d/1GpX_8hJc54hBz8KrakqcWdiXAS6pjY1zWE_9f"&"WBXnEM/edit?gid=1460649486#gid=1460649486"", ""List!E:E""), ""-"")"),"gowtham.ee23@bitsathy.ac.in") -> gowtham.ee23@bitsathy.ac.in | L84: =IFERROR(__xludf.DUMMYFUNCTION("XLOOKUP(B84, IMPORTRANGE(""https://docs.google.com/spreadsheets/d/1GpX_8hJc54hBz8KrakqcWdiXAS6pjY1zWE_9fWBXnEM/edit?gid=1460649486#gid=1460649486"", ""List!B:B""), IMPORTRANGE(""https://docs.google.com/spreadsheets/d/1GpX_8hJc54hBz8KrakqcWdiXAS6pjY1zWE_9f"&"WBXnEM/edit?gid=1460649486#gid=1460649486"", ""List!G:G""), ""-"")"),"9042416640") -> 9042416640 | M84: T&P | N84: 03.06.2026
A85: 84 | B85: 7376232BT109 | C85: =IFERROR(__xludf.DUMMYFUNCTION("XLOOKUP(B85, IMPORTRANGE(""https://docs.google.com/spreadsheets/d/1UUC6R1hVFPCYDEbJMIXaIBW-jeQYiKTRixeKD_tUHGw/edit?gid=0#gid=0"", ""List!B:B""), IMPORTRANGE(""https://docs.google.com/spreadsheets/d/1UUC6R1hVFPCYDEbJMIXaIBW-jeQYiKTRixeKD_tUHGw/edit?gid=0#"&"gid=0"", ""List!C:C""), ""-"")"),"ARUN PRASATH M") -> ARUN PRASATH M | D85: =IFERROR(__xludf.DUMMYFUNCTION("XLOOKUP(B85, IMPORTRANGE(""https://docs.google.com/spreadsheets/d/1UUC6R1hVFPCYDEbJMIXaIBW-jeQYiKTRixeKD_tUHGw/edit?gid=0#gid=0"", ""List!B:B""), IMPORTRANGE(""https://docs.google.com/spreadsheets/d/1UUC6R1hVFPCYDEbJMIXaIBW-jeQYiKTRixeKD_tUHGw/edit?gid=0#"&"gid=0"", ""List!D:D""), ""-"")"),"BIOTECHNOLOGY") -> BIOTECHNOLOGY | E85: Viswa Envirotech | F85: 3 | G85: Joined | I85: CORE | J85: Allow for Double the package | K85: =IFERROR(__xludf.DUMMYFUNCTION("XLOOKUP(B85, IMPORTRANGE(""https://docs.google.com/spreadsheets/d/1GpX_8hJc54hBz8KrakqcWdiXAS6pjY1zWE_9fWBXnEM/edit?gid=1460649486#gid=1460649486"", ""List!B:B""), IMPORTRANGE(""https://docs.google.com/spreadsheets/d/1GpX_8hJc54hBz8KrakqcWdiXAS6pjY1zWE_9f"&"WBXnEM/edit?gid=1460649486#gid=1460649486"", ""List!E:E""), ""-"")"),"arunprasath.bt23@bitsathy.ac.in") -> arunprasath.bt23@bitsathy.ac.in | L85: =IFERROR(__xludf.DUMMYFUNCTION("XLOOKUP(B85, IMPORTRANGE(""https://docs.google.com/spreadsheets/d/1GpX_8hJc54hBz8KrakqcWdiXAS6pjY1zWE_9fWBXnEM/edit?gid=1460649486#gid=1460649486"", ""List!B:B""), IMPORTRANGE(""https://docs.google.com/spreadsheets/d/1GpX_8hJc54hBz8KrakqcWdiXAS6pjY1zWE_9f"&"WBXnEM/edit?gid=1460649486#gid=1460649486"", ""List!G:G""), ""-"")"),"9025728492") -> 9025728492 | M85: T&P | N85: 04.06.2026
A86: 85 | B86: 7376232IT175 | C86: =IFERROR(__xludf.DUMMYFUNCTION("XLOOKUP(B86, IMPORTRANGE(""https://docs.google.com/spreadsheets/d/1UUC6R1hVFPCYDEbJMIXaIBW-jeQYiKTRixeKD_tUHGw/edit?gid=0#gid=0"", ""List!B:B""), IMPORTRANGE(""https://docs.google.com/spreadsheets/d/1UUC6R1hVFPCYDEbJMIXaIBW-jeQYiKTRixeKD_tUHGw/edit?gid=0#"&"gid=0"", ""List!C:C""), ""-"")"),"KAVENA S") -> KAVENA S | D86: =IFERROR(__xludf.DUMMYFUNCTION("XLOOKUP(B86, IMPORTRANGE(""https://docs.google.com/spreadsheets/d/1UUC6R1hVFPCYDEbJMIXaIBW-jeQYiKTRixeKD_tUHGw/edit?gid=0#gid=0"", ""List!B:B""), IMPORTRANGE(""https://docs.google.com/spreadsheets/d/1UUC6R1hVFPCYDEbJMIXaIBW-jeQYiKTRixeKD_tUHGw/edit?gid=0#"&"gid=0"", ""List!D:D""), ""-"")"),"INFORMATION TECHNOLOGY") -> INFORMATION TECHNOLOGY | E86: Lucid Imaging | F86: 4.5 | G86: Joined | H86: Offline | I86: ITP | J86: Allow for Double the package | K86: =IFERROR(__xludf.DUMMYFUNCTION("XLOOKUP(B86, IMPORTRANGE(""https://docs.google.com/spreadsheets/d/1GpX_8hJc54hBz8KrakqcWdiXAS6pjY1zWE_9fWBXnEM/edit?gid=1460649486#gid=1460649486"", ""List!B:B""), IMPORTRANGE(""https://docs.google.com/spreadsheets/d/1GpX_8hJc54hBz8KrakqcWdiXAS6pjY1zWE_9f"&"WBXnEM/edit?gid=1460649486#gid=1460649486"", ""List!E:E""), ""-"")"),"kavena.it23@bitsathy.ac.in") -> kavena.it23@bitsathy.ac.in | L86: =IFERROR(__xludf.DUMMYFUNCTION("XLOOKUP(B86, IMPORTRANGE(""https://docs.google.com/spreadsheets/d/1GpX_8hJc54hBz8KrakqcWdiXAS6pjY1zWE_9fWBXnEM/edit?gid=1460649486#gid=1460649486"", ""List!B:B""), IMPORTRANGE(""https://docs.google.com/spreadsheets/d/1GpX_8hJc54hBz8KrakqcWdiXAS6pjY1zWE_9f"&"WBXnEM/edit?gid=1460649486#gid=1460649486"", ""List!G:G""), ""-"")"),"8610491920") -> 8610491920 | M86: T&P | N86: 05.06.2026
A87: 86 | B87: 7376231CS256 | C87: =IFERROR(__xludf.DUMMYFUNCTION("XLOOKUP(B87, IMPORTRANGE(""https://docs.google.com/spreadsheets/d/1UUC6R1hVFPCYDEbJMIXaIBW-jeQYiKTRixeKD_tUHGw/edit?gid=0#gid=0"", ""List!B:B""), IMPORTRANGE(""https://docs.google.com/spreadsheets/d/1UUC6R1hVFPCYDEbJMIXaIBW-jeQYiKTRixeKD_tUHGw/edit?gid=0#"&"gid=0"", ""List!C:C""), ""-"")"),"PARAMASIVAM P") -> PARAMASIVAM P | D87: =IFERROR(__xludf.DUMMYFUNCTION("XLOOKUP(B87, IMPORTRANGE(""https://docs.google.com/spreadsheets/d/1UUC6R1hVFPCYDEbJMIXaIBW-jeQYiKTRixeKD_tUHGw/edit?gid=0#gid=0"", ""List!B:B""), IMPORTRANGE(""https://docs.google.com/spreadsheets/d/1UUC6R1hVFPCYDEbJMIXaIBW-jeQYiKTRixeKD_tUHGw/edit?gid=0#"&"gid=0"", ""List!D:D""), ""-"")"),"COMPUTER SCIENCE AND ENGINEERING") -> COMPUTER SCIENCE AND ENGINEERING | E87: Lucid Imaging | F87: 4 | G87: Joined | H87: Offline | I87: ITP | J87: Allow for Double the package | K87: =IFERROR(__xludf.DUMMYFUNCTION("XLOOKUP(B87, IMPORTRANGE(""https://docs.google.com/spreadsheets/d/1GpX_8hJc54hBz8KrakqcWdiXAS6pjY1zWE_9fWBXnEM/edit?gid=1460649486#gid=1460649486"", ""List!B:B""), IMPORTRANGE(""https://docs.google.com/spreadsheets/d/1GpX_8hJc54hBz8KrakqcWdiXAS6pjY1zWE_9f"&"WBXnEM/edit?gid=1460649486#gid=1460649486"", ""List!E:E""), ""-"")"),"paramasivam.cs23@bitsathy.ac.in") -> paramasivam.cs23@bitsathy.ac.in | L87: =IFERROR(__xludf.DUMMYFUNCTION("XLOOKUP(B87, IMPORTRANGE(""https://docs.google.com/spreadsheets/d/1GpX_8hJc54hBz8KrakqcWdiXAS6pjY1zWE_9fWBXnEM/edit?gid=1460649486#gid=1460649486"", ""List!B:B""), IMPORTRANGE(""https://docs.google.com/spreadsheets/d/1GpX_8hJc54hBz8KrakqcWdiXAS6pjY1zWE_9f"&"WBXnEM/edit?gid=1460649486#gid=1460649486"", ""List!G:G""), ""-"")"),"6379873392") -> 6379873392 | M87: T&P | N87: 05.06.2026
A88: 87 | B88: 7376232CT133 | C88: =IFERROR(__xludf.DUMMYFUNCTION("XLOOKUP(B88, IMPORTRANGE(""https://docs.google.com/spreadsheets/d/1UUC6R1hVFPCYDEbJMIXaIBW-jeQYiKTRixeKD_tUHGw/edit?gid=0#gid=0"", ""List!B:B""), IMPORTRANGE(""https://docs.google.com/spreadsheets/d/1UUC6R1hVFPCYDEbJMIXaIBW-jeQYiKTRixeKD_tUHGw/edit?gid=0#"&"gid=0"", ""List!C:C""), ""-"")"),"RAAGHAV K S") -> RAAGHAV K S | D88: =IFERROR(__xludf.DUMMYFUNCTION("XLOOKUP(B88, IMPORTRANGE(""https://docs.google.com/spreadsheets/d/1UUC6R1hVFPCYDEbJMIXaIBW-jeQYiKTRixeKD_tUHGw/edit?gid=0#gid=0"", ""List!B:B""), IMPORTRANGE(""https://docs.google.com/spreadsheets/d/1UUC6R1hVFPCYDEbJMIXaIBW-jeQYiKTRixeKD_tUHGw/edit?gid=0#"&"gid=0"", ""List!D:D""), ""-"")"),"COMPUTER TECHNOLOGY") -> COMPUTER TECHNOLOGY | E88: Lucid Imaging | F88: 4 | G88: Joined | H88: Offline | I88: ITP | J88: Allow for Double the package | K88: =IFERROR(__xludf.DUMMYFUNCTION("XLOOKUP(B88, IMPORTRANGE(""https://docs.google.com/spreadsheets/d/1GpX_8hJc54hBz8KrakqcWdiXAS6pjY1zWE_9fWBXnEM/edit?gid=1460649486#gid=1460649486"", ""List!B:B""), IMPORTRANGE(""https://docs.google.com/spreadsheets/d/1GpX_8hJc54hBz8KrakqcWdiXAS6pjY1zWE_9f"&"WBXnEM/edit?gid=1460649486#gid=1460649486"", ""List!E:E""), ""-"")"),"raaghav.ct23@bitsathy.ac.in") -> raaghav.ct23@bitsathy.ac.in | L88: =IFERROR(__xludf.DUMMYFUNCTION("XLOOKUP(B88, IMPORTRANGE(""https://docs.google.com/spreadsheets/d/1GpX_8hJc54hBz8KrakqcWdiXAS6pjY1zWE_9fWBXnEM/edit?gid=1460649486#gid=1460649486"", ""List!B:B""), IMPORTRANGE(""https://docs.google.com/spreadsheets/d/1GpX_8hJc54hBz8KrakqcWdiXAS6pjY1zWE_9f"&"WBXnEM/edit?gid=1460649486#gid=1460649486"", ""List!G:G""), ""-"")"),"7598164466") -> 7598164466 | M88: T&P | N88: 05.06.2026
A89: 88 | B89: 7376231EI147 | C89: =IFERROR(__xludf.DUMMYFUNCTION("XLOOKUP(B89, IMPORTRANGE(""https://docs.google.com/spreadsheets/d/1UUC6R1hVFPCYDEbJMIXaIBW-jeQYiKTRixeKD_tUHGw/edit?gid=0#gid=0"", ""List!B:B""), IMPORTRANGE(""https://docs.google.com/spreadsheets/d/1UUC6R1hVFPCYDEbJMIXaIBW-jeQYiKTRixeKD_tUHGw/edit?gid=0#"&"gid=0"", ""List!C:C""), ""-"")"),"SRI DHARSAN K") -> SRI DHARSAN K | D89: =IFERROR(__xludf.DUMMYFUNCTION("XLOOKUP(B89, IMPORTRANGE(""https://docs.google.com/spreadsheets/d/1UUC6R1hVFPCYDEbJMIXaIBW-jeQYiKTRixeKD_tUHGw/edit?gid=0#gid=0"", ""List!B:B""), IMPORTRANGE(""https://docs.google.com/spreadsheets/d/1UUC6R1hVFPCYDEbJMIXaIBW-jeQYiKTRixeKD_tUHGw/edit?gid=0#"&"gid=0"", ""List!D:D""), ""-"")"),"ELECTRONICS AND INSTRUMENTATION ENGINEERING") -> ELECTRONICS AND INSTRUMENTATION ENGINEERING | E89: Lucid Imaging | F89: 3.5 | G89: Not Joined | H89: Offline | I89: ITP | J89: Allow | K89: =IFERROR(__xludf.DUMMYFUNCTION("XLOOKUP(B89, IMPORTRANGE(""https://docs.google.com/spreadsheets/d/1GpX_8hJc54hBz8KrakqcWdiXAS6pjY1zWE_9fWBXnEM/edit?gid=1460649486#gid=1460649486"", ""List!B:B""), IMPORTRANGE(""https://docs.google.com/spreadsheets/d/1GpX_8hJc54hBz8KrakqcWdiXAS6pjY1zWE_9f"&"WBXnEM/edit?gid=1460649486#gid=1460649486"", ""List!E:E""), ""-"")"),"sridharsan.ei23@bitsathy.ac.in") -> sridharsan.ei23@bitsathy.ac.in | L89: =IFERROR(__xludf.DUMMYFUNCTION("XLOOKUP(B89, IMPORTRANGE(""https://docs.google.com/spreadsheets/d/1GpX_8hJc54hBz8KrakqcWdiXAS6pjY1zWE_9fWBXnEM/edit?gid=1460649486#gid=1460649486"", ""List!B:B""), IMPORTRANGE(""https://docs.google.com/spreadsheets/d/1GpX_8hJc54hBz8KrakqcWdiXAS6pjY1zWE_9f"&"WBXnEM/edit?gid=1460649486#gid=1460649486"", ""List!G:G""), ""-"")"),"8667316946") -> 8667316946 | M89: T&P | N89: 05.06.2026
A90: 89 | B90: 7376231CD118 | C90: =IFERROR(__xludf.DUMMYFUNCTION("XLOOKUP(B90, IMPORTRANGE(""https://docs.google.com/spreadsheets/d/1UUC6R1hVFPCYDEbJMIXaIBW-jeQYiKTRixeKD_tUHGw/edit?gid=0#gid=0"", ""List!B:B""), IMPORTRANGE(""https://docs.google.com/spreadsheets/d/1UUC6R1hVFPCYDEbJMIXaIBW-jeQYiKTRixeKD_tUHGw/edit?gid=0#"&"gid=0"", ""List!C:C""), ""-"")"),"JISNU S") -> JISNU S | D90: =IFERROR(__xludf.DUMMYFUNCTION("XLOOKUP(B90, IMPORTRANGE(""https://docs.google.com/spreadsheets/d/1UUC6R1hVFPCYDEbJMIXaIBW-jeQYiKTRixeKD_tUHGw/edit?gid=0#gid=0"", ""List!B:B""), IMPORTRANGE(""https://docs.google.com/spreadsheets/d/1UUC6R1hVFPCYDEbJMIXaIBW-jeQYiKTRixeKD_tUHGw/edit?gid=0#"&"gid=0"", ""List!D:D""), ""-"")"),"COMPUTER SCIENCE AND DESIGN") -> COMPUTER SCIENCE AND DESIGN | E90: Affordmed | F90: 7 | G90: Joined | I90: ITP | J90: Don't Allow | K90: =IFERROR(__xludf.DUMMYFUNCTION("XLOOKUP(B90, IMPORTRANGE(""https://docs.google.com/spreadsheets/d/1GpX_8hJc54hBz8KrakqcWdiXAS6pjY1zWE_9fWBXnEM/edit?gid=1460649486#gid=1460649486"", ""List!B:B""), IMPORTRANGE(""https://docs.google.com/spreadsheets/d/1GpX_8hJc54hBz8KrakqcWdiXAS6pjY1zWE_9f"&"WBXnEM/edit?gid=1460649486#gid=1460649486"", ""List!E:E""), ""-"")"),"jisnus.cd23@bitsathy.ac.in") -> jisnus.cd23@bitsathy.ac.in | L90: =IFERROR(__xludf.DUMMYFUNCTION("XLOOKUP(B90, IMPORTRANGE(""https://docs.google.com/spreadsheets/d/1GpX_8hJc54hBz8KrakqcWdiXAS6pjY1zWE_9fWBXnEM/edit?gid=1460649486#gid=1460649486"", ""List!B:B""), IMPORTRANGE(""https://docs.google.com/spreadsheets/d/1GpX_8hJc54hBz8KrakqcWdiXAS6pjY1zWE_9f"&"WBXnEM/edit?gid=1460649486#gid=1460649486"", ""List!G:G""), ""-"")"),"6382946227") -> 6382946227 | M90: T&P | N90: 08.06.2026
A91: 90 | B91: 7376232CB159 | C91: =IFERROR(__xludf.DUMMYFUNCTION("XLOOKUP(B91, IMPORTRANGE(""https://docs.google.com/spreadsheets/d/1UUC6R1hVFPCYDEbJMIXaIBW-jeQYiKTRixeKD_tUHGw/edit?gid=0#gid=0"", ""List!B:B""), IMPORTRANGE(""https://docs.google.com/spreadsheets/d/1UUC6R1hVFPCYDEbJMIXaIBW-jeQYiKTRixeKD_tUHGw/edit?gid=0#"&"gid=0"", ""List!C:C""), ""-"")"),"SURYA KUMAR T") -> SURYA KUMAR T | D91: =IFERROR(__xludf.DUMMYFUNCTION("XLOOKUP(B91, IMPORTRANGE(""https://docs.google.com/spreadsheets/d/1UUC6R1hVFPCYDEbJMIXaIBW-jeQYiKTRixeKD_tUHGw/edit?gid=0#gid=0"", ""List!B:B""), IMPORTRANGE(""https://docs.google.com/spreadsheets/d/1UUC6R1hVFPCYDEbJMIXaIBW-jeQYiKTRixeKD_tUHGw/edit?gid=0#"&"gid=0"", ""List!D:D""), ""-"")"),"COMPUTER SCIENCE AND BUSINESS SYSTEMS") -> COMPUTER SCIENCE AND BUSINESS SYSTEMS | E91: Aerele Technologies | F91: 5 | G91: Joined | I91: ITP | J91: Allow for Double the package | K91: =IFERROR(__xludf.DUMMYFUNCTION("XLOOKUP(B91, IMPORTRANGE(""https://docs.google.com/spreadsheets/d/1GpX_8hJc54hBz8KrakqcWdiXAS6pjY1zWE_9fWBXnEM/edit?gid=1460649486#gid=1460649486"", ""List!B:B""), IMPORTRANGE(""https://docs.google.com/spreadsheets/d/1GpX_8hJc54hBz8KrakqcWdiXAS6pjY1zWE_9f"&"WBXnEM/edit?gid=1460649486#gid=1460649486"", ""List!E:E""), ""-"")"),"suryakumar.cb23@bitsathy.ac.in") -> suryakumar.cb23@bitsathy.ac.in | L91: =IFERROR(__xludf.DUMMYFUNCTION("XLOOKUP(B91, IMPORTRANGE(""https://docs.google.com/spreadsheets/d/1GpX_8hJc54hBz8KrakqcWdiXAS6pjY1zWE_9fWBXnEM/edit?gid=1460649486#gid=1460649486"", ""List!B:B""), IMPORTRANGE(""https://docs.google.com/spreadsheets/d/1GpX_8hJc54hBz8KrakqcWdiXAS6pjY1zWE_9f"&"WBXnEM/edit?gid=1460649486#gid=1460649486"", ""List!G:G""), ""-"")"),"9344164833") -> 9344164833 | M91: T&P | N91: 10.06.2026
A92: 91 | B92: 7376231CS116 | C92: =IFERROR(__xludf.DUMMYFUNCTION("XLOOKUP(B92, IMPORTRANGE(""https://docs.google.com/spreadsheets/d/1UUC6R1hVFPCYDEbJMIXaIBW-jeQYiKTRixeKD_tUHGw/edit?gid=0#gid=0"", ""List!B:B""), IMPORTRANGE(""https://docs.google.com/spreadsheets/d/1UUC6R1hVFPCYDEbJMIXaIBW-jeQYiKTRixeKD_tUHGw/edit?gid=0#"&"gid=0"", ""List!C:C""), ""-"")"),"ARIVAZHAGAN B") -> ARIVAZHAGAN B | D92: =IFERROR(__xludf.DUMMYFUNCTION("XLOOKUP(B92, IMPORTRANGE(""https://docs.google.com/spreadsheets/d/1UUC6R1hVFPCYDEbJMIXaIBW-jeQYiKTRixeKD_tUHGw/edit?gid=0#gid=0"", ""List!B:B""), IMPORTRANGE(""https://docs.google.com/spreadsheets/d/1UUC6R1hVFPCYDEbJMIXaIBW-jeQYiKTRixeKD_tUHGw/edit?gid=0#"&"gid=0"", ""List!D:D""), ""-"")"),"COMPUTER SCIENCE AND ENGINEERING") -> COMPUTER SCIENCE AND ENGINEERING | E92: Aerele Technologies | F92: 5 | G92: Joined | I92: ITP | J92: Allow for Double the package | K92: =IFERROR(__xludf.DUMMYFUNCTION("XLOOKUP(B92, IMPORTRANGE(""https://docs.google.com/spreadsheets/d/1GpX_8hJc54hBz8KrakqcWdiXAS6pjY1zWE_9fWBXnEM/edit?gid=1460649486#gid=1460649486"", ""List!B:B""), IMPORTRANGE(""https://docs.google.com/spreadsheets/d/1GpX_8hJc54hBz8KrakqcWdiXAS6pjY1zWE_9f"&"WBXnEM/edit?gid=1460649486#gid=1460649486"", ""List!E:E""), ""-"")"),"arivazhagan.cs23@bitsathy.ac.in") -> arivazhagan.cs23@bitsathy.ac.in | L92: =IFERROR(__xludf.DUMMYFUNCTION("XLOOKUP(B92, IMPORTRANGE(""https://docs.google.com/spreadsheets/d/1GpX_8hJc54hBz8KrakqcWdiXAS6pjY1zWE_9fWBXnEM/edit?gid=1460649486#gid=1460649486"", ""List!B:B""), IMPORTRANGE(""https://docs.google.com/spreadsheets/d/1GpX_8hJc54hBz8KrakqcWdiXAS6pjY1zWE_9f"&"WBXnEM/edit?gid=1460649486#gid=1460649486"", ""List!G:G""), ""-"")"),"7806870589") -> 7806870589 | M92: T&P | N92: 10.06.2026
A93: 92 | B93: 7376231CS227 | C93: =IFERROR(__xludf.DUMMYFUNCTION("XLOOKUP(B93, IMPORTRANGE(""https://docs.google.com/spreadsheets/d/1UUC6R1hVFPCYDEbJMIXaIBW-jeQYiKTRixeKD_tUHGw/edit?gid=0#gid=0"", ""List!B:B""), IMPORTRANGE(""https://docs.google.com/spreadsheets/d/1UUC6R1hVFPCYDEbJMIXaIBW-jeQYiKTRixeKD_tUHGw/edit?gid=0#"&"gid=0"", ""List!C:C""), ""-"")"),"MONIKA R") -> MONIKA R | D93: =IFERROR(__xludf.DUMMYFUNCTION("XLOOKUP(B93, IMPORTRANGE(""https://docs.google.com/spreadsheets/d/1UUC6R1hVFPCYDEbJMIXaIBW-jeQYiKTRixeKD_tUHGw/edit?gid=0#gid=0"", ""List!B:B""), IMPORTRANGE(""https://docs.google.com/spreadsheets/d/1UUC6R1hVFPCYDEbJMIXaIBW-jeQYiKTRixeKD_tUHGw/edit?gid=0#"&"gid=0"", ""List!D:D""), ""-"")"),"COMPUTER SCIENCE AND ENGINEERING") -> COMPUTER SCIENCE AND ENGINEERING | E93: Aerele Technologies | F93: 5 | G93: Joined | I93: ITP | J93: Allow for Double the package | K93: =IFERROR(__xludf.DUMMYFUNCTION("XLOOKUP(B93, IMPORTRANGE(""https://docs.google.com/spreadsheets/d/1GpX_8hJc54hBz8KrakqcWdiXAS6pjY1zWE_9fWBXnEM/edit?gid=1460649486#gid=1460649486"", ""List!B:B""), IMPORTRANGE(""https://docs.google.com/spreadsheets/d/1GpX_8hJc54hBz8KrakqcWdiXAS6pjY1zWE_9f"&"WBXnEM/edit?gid=1460649486#gid=1460649486"", ""List!E:E""), ""-"")"),"monika.cs23@bitsathy.ac.in") -> monika.cs23@bitsathy.ac.in | L93: =IFERROR(__xludf.DUMMYFUNCTION("XLOOKUP(B93, IMPORTRANGE(""https://docs.google.com/spreadsheets/d/1GpX_8hJc54hBz8KrakqcWdiXAS6pjY1zWE_9fWBXnEM/edit?gid=1460649486#gid=1460649486"", ""List!B:B""), IMPORTRANGE(""https://docs.google.com/spreadsheets/d/1GpX_8hJc54hBz8KrakqcWdiXAS6pjY1zWE_9f"&"WBXnEM/edit?gid=1460649486#gid=1460649486"", ""List!G:G""), ""-"")"),"9791331762") -> 9791331762 | M93: T&P | N93: 10.06.2026
A94: 93 | B94: 7376231MZ122 | C94: =IFERROR(__xludf.DUMMYFUNCTION("XLOOKUP(B94, IMPORTRANGE(""https://docs.google.com/spreadsheets/d/1UUC6R1hVFPCYDEbJMIXaIBW-jeQYiKTRixeKD_tUHGw/edit?gid=0#gid=0"", ""List!B:B""), IMPORTRANGE(""https://docs.google.com/spreadsheets/d/1UUC6R1hVFPCYDEbJMIXaIBW-jeQYiKTRixeKD_tUHGw/edit?gid=0#"&"gid=0"", ""List!C:C""), ""-"")"),"MAYL KUMARAN P S") -> MAYL KUMARAN P S | D94: =IFERROR(__xludf.DUMMYFUNCTION("XLOOKUP(B94, IMPORTRANGE(""https://docs.google.com/spreadsheets/d/1UUC6R1hVFPCYDEbJMIXaIBW-jeQYiKTRixeKD_tUHGw/edit?gid=0#gid=0"", ""List!B:B""), IMPORTRANGE(""https://docs.google.com/spreadsheets/d/1UUC6R1hVFPCYDEbJMIXaIBW-jeQYiKTRixeKD_tUHGw/edit?gid=0#"&"gid=0"", ""List!D:D""), ""-"")"),"MECHATRONICS ENGINEERING") -> MECHATRONICS ENGINEERING | E94: Slicktronix Medisens | F94: 3.6 | G94: Joined | I94: CORE | J94: Allow for Double the package | K94: =IFERROR(__xludf.DUMMYFUNCTION("XLOOKUP(B94, IMPORTRANGE(""https://docs.google.com/spreadsheets/d/1GpX_8hJc54hBz8KrakqcWdiXAS6pjY1zWE_9fWBXnEM/edit?gid=1460649486#gid=1460649486"", ""List!B:B""), IMPORTRANGE(""https://docs.google.com/spreadsheets/d/1GpX_8hJc54hBz8KrakqcWdiXAS6pjY1zWE_9f"&"WBXnEM/edit?gid=1460649486#gid=1460649486"", ""List!E:E""), ""-"")"),"maylkumaran.mz23@bitsathy.ac.in") -> maylkumaran.mz23@bitsathy.ac.in | L94: =IFERROR(__xludf.DUMMYFUNCTION("XLOOKUP(B94, IMPORTRANGE(""https://docs.google.com/spreadsheets/d/1GpX_8hJc54hBz8KrakqcWdiXAS6pjY1zWE_9fWBXnEM/edit?gid=1460649486#gid=1460649486"", ""List!B:B""), IMPORTRANGE(""https://docs.google.com/spreadsheets/d/1GpX_8hJc54hBz8KrakqcWdiXAS6pjY1zWE_9f"&"WBXnEM/edit?gid=1460649486#gid=1460649486"", ""List!G:G""), ""-"")"),"9345631566") -> 9345631566 | M94: T&P | N94: 10.06.2026
A95: 94 | B95: 7376231CS208 | C95: =IFERROR(__xludf.DUMMYFUNCTION("XLOOKUP(B95, IMPORTRANGE(""https://docs.google.com/spreadsheets/d/1UUC6R1hVFPCYDEbJMIXaIBW-jeQYiKTRixeKD_tUHGw/edit?gid=0#gid=0"", ""List!B:B""), IMPORTRANGE(""https://docs.google.com/spreadsheets/d/1UUC6R1hVFPCYDEbJMIXaIBW-jeQYiKTRixeKD_tUHGw/edit?gid=0#"&"gid=0"", ""List!C:C""), ""-"")"),"KISHORE KUMAAR S R") -> KISHORE KUMAAR S R | D95: =IFERROR(__xludf.DUMMYFUNCTION("XLOOKUP(B95, IMPORTRANGE(""https://docs.google.com/spreadsheets/d/1UUC6R1hVFPCYDEbJMIXaIBW-jeQYiKTRixeKD_tUHGw/edit?gid=0#gid=0"", ""List!B:B""), IMPORTRANGE(""https://docs.google.com/spreadsheets/d/1UUC6R1hVFPCYDEbJMIXaIBW-jeQYiKTRixeKD_tUHGw/edit?gid=0#"&"gid=0"", ""List!D:D""), ""-"")"),"COMPUTER SCIENCE AND ENGINEERING") -> COMPUTER SCIENCE AND ENGINEERING | E95: Integra Connect | F95: 10 | G95: Joined | I95: ITP | J95: Allow for Double the package | K95: =IFERROR(__xludf.DUMMYFUNCTION("XLOOKUP(B95, IMPORTRANGE(""https://docs.google.com/spreadsheets/d/1GpX_8hJc54hBz8KrakqcWdiXAS6pjY1zWE_9fWBXnEM/edit?gid=1460649486#gid=1460649486"", ""List!B:B""), IMPORTRANGE(""https://docs.google.com/spreadsheets/d/1GpX_8hJc54hBz8KrakqcWdiXAS6pjY1zWE_9f"&"WBXnEM/edit?gid=1460649486#gid=1460649486"", ""List!E:E""), ""-"")"),"kishorekumaar.cs23@bitsathy.ac.in") -> kishorekumaar.cs23@bitsathy.ac.in | L95: =IFERROR(__xludf.DUMMYFUNCTION("XLOOKUP(B95, IMPORTRANGE(""https://docs.google.com/spreadsheets/d/1GpX_8hJc54hBz8KrakqcWdiXAS6pjY1zWE_9fWBXnEM/edit?gid=1460649486#gid=1460649486"", ""List!B:B""), IMPORTRANGE(""https://docs.google.com/spreadsheets/d/1GpX_8hJc54hBz8KrakqcWdiXAS6pjY1zWE_9f"&"WBXnEM/edit?gid=1460649486#gid=1460649486"", ""List!G:G""), ""-"")"),"9600535257") -> 9600535257 | M95: T&P | N95: 16.06.2026 | X95: Kishore Kumaar S R signed.pdf
A96: 95 | B96: 7376231CS310 | C96: =IFERROR(__xludf.DUMMYFUNCTION("XLOOKUP(B96, IMPORTRANGE(""https://docs.google.com/spreadsheets/d/1UUC6R1hVFPCYDEbJMIXaIBW-jeQYiKTRixeKD_tUHGw/edit?gid=0#gid=0"", ""List!B:B""), IMPORTRANGE(""https://docs.google.com/spreadsheets/d/1UUC6R1hVFPCYDEbJMIXaIBW-jeQYiKTRixeKD_tUHGw/edit?gid=0#"&"gid=0"", ""List!C:C""), ""-"")"),"SIVABALAN P") -> SIVABALAN P | D96: =IFERROR(__xludf.DUMMYFUNCTION("XLOOKUP(B96, IMPORTRANGE(""https://docs.google.com/spreadsheets/d/1UUC6R1hVFPCYDEbJMIXaIBW-jeQYiKTRixeKD_tUHGw/edit?gid=0#gid=0"", ""List!B:B""), IMPORTRANGE(""https://docs.google.com/spreadsheets/d/1UUC6R1hVFPCYDEbJMIXaIBW-jeQYiKTRixeKD_tUHGw/edit?gid=0#"&"gid=0"", ""List!D:D""), ""-"")"),"COMPUTER SCIENCE AND ENGINEERING") -> COMPUTER SCIENCE AND ENGINEERING | E96: Integra Connect | F96: 10 | G96: Joined | I96: ITP | J96: Allow for Double the package | K96: =IFERROR(__xludf.DUMMYFUNCTION("XLOOKUP(B96, IMPORTRANGE(""https://docs.google.com/spreadsheets/d/1GpX_8hJc54hBz8KrakqcWdiXAS6pjY1zWE_9fWBXnEM/edit?gid=1460649486#gid=1460649486"", ""List!B:B""), IMPORTRANGE(""https://docs.google.com/spreadsheets/d/1GpX_8hJc54hBz8KrakqcWdiXAS6pjY1zWE_9f"&"WBXnEM/edit?gid=1460649486#gid=1460649486"", ""List!E:E""), ""-"")"),"sivabalan.cs23@bitsathy.ac.in") -> sivabalan.cs23@bitsathy.ac.in | L96: =IFERROR(__xludf.DUMMYFUNCTION("XLOOKUP(B96, IMPORTRANGE(""https://docs.google.com/spreadsheets/d/1GpX_8hJc54hBz8KrakqcWdiXAS6pjY1zWE_9fWBXnEM/edit?gid=1460649486#gid=1460649486"", ""List!B:B""), IMPORTRANGE(""https://docs.google.com/spreadsheets/d/1GpX_8hJc54hBz8KrakqcWdiXAS6pjY1zWE_9f"&"WBXnEM/edit?gid=1460649486#gid=1460649486"", ""List!G:G""), ""-"")"),"9345473169") -> 9345473169 | M96: T&P | N96: 16.06.2026 | X96: SIVABALAN P signed.pdf
A97: 96 | B97: 7376231EC174 | C97: =IFERROR(__xludf.DUMMYFUNCTION("XLOOKUP(B97, IMPORTRANGE(""https://docs.google.com/spreadsheets/d/1UUC6R1hVFPCYDEbJMIXaIBW-jeQYiKTRixeKD_tUHGw/edit?gid=0#gid=0"", ""List!B:B""), IMPORTRANGE(""https://docs.google.com/spreadsheets/d/1UUC6R1hVFPCYDEbJMIXaIBW-jeQYiKTRixeKD_tUHGw/edit?gid=0#"&"gid=0"", ""List!C:C""), ""-"")"),"KABIL M") -> KABIL M | D97: =IFERROR(__xludf.DUMMYFUNCTION("XLOOKUP(B97, IMPORTRANGE(""https://docs.google.com/spreadsheets/d/1UUC6R1hVFPCYDEbJMIXaIBW-jeQYiKTRixeKD_tUHGw/edit?gid=0#gid=0"", ""List!B:B""), IMPORTRANGE(""https://docs.google.com/spreadsheets/d/1UUC6R1hVFPCYDEbJMIXaIBW-jeQYiKTRixeKD_tUHGw/edit?gid=0#"&"gid=0"", ""List!D:D""), ""-"")"),"ELECTRONICS AND COMMUNICATION ENGINEERING") -> ELECTRONICS AND COMMUNICATION ENGINEERING | E97: Bi3 Technologies | F97: 5 | G97: Joined | I97: ITP | J97: Allow for Double the package | K97: =IFERROR(__xludf.DUMMYFUNCTION("XLOOKUP(B97, IMPORTRANGE(""https://docs.google.com/spreadsheets/d/1GpX_8hJc54hBz8KrakqcWdiXAS6pjY1zWE_9fWBXnEM/edit?gid=1460649486#gid=1460649486"", ""List!B:B""), IMPORTRANGE(""https://docs.google.com/spreadsheets/d/1GpX_8hJc54hBz8KrakqcWdiXAS6pjY1zWE_9f"&"WBXnEM/edit?gid=1460649486#gid=1460649486"", ""List!E:E""), ""-"")"),"kabil.ec23@bitsathy.ac.in") -> kabil.ec23@bitsathy.ac.in | L97: =IFERROR(__xludf.DUMMYFUNCTION("XLOOKUP(B97, IMPORTRANGE(""https://docs.google.com/spreadsheets/d/1GpX_8hJc54hBz8KrakqcWdiXAS6pjY1zWE_9fWBXnEM/edit?gid=1460649486#gid=1460649486"", ""List!B:B""), IMPORTRANGE(""https://docs.google.com/spreadsheets/d/1GpX_8hJc54hBz8KrakqcWdiXAS6pjY1zWE_9f"&"WBXnEM/edit?gid=1460649486#gid=1460649486"", ""List!G:G""), ""-"")"),"9344878410") -> 9344878410 | M97: T&P | N97: 17.06.2026 | X97: 7376231EC174-Bi3.pdf
A98: 97 | B98: 7376231CS148 | C98: =IFERROR(__xludf.DUMMYFUNCTION("XLOOKUP(B98, IMPORTRANGE(""https://docs.google.com/spreadsheets/d/1UUC6R1hVFPCYDEbJMIXaIBW-jeQYiKTRixeKD_tUHGw/edit?gid=0#gid=0"", ""List!B:B""), IMPORTRANGE(""https://docs.google.com/spreadsheets/d/1UUC6R1hVFPCYDEbJMIXaIBW-jeQYiKTRixeKD_tUHGw/edit?gid=0#"&"gid=0"", ""List!C:C""), ""-"")"),"DIVYAPRAKASH R") -> DIVYAPRAKASH R | D98: =IFERROR(__xludf.DUMMYFUNCTION("XLOOKUP(B98, IMPORTRANGE(""https://docs.google.com/spreadsheets/d/1UUC6R1hVFPCYDEbJMIXaIBW-jeQYiKTRixeKD_tUHGw/edit?gid=0#gid=0"", ""List!B:B""), IMPORTRANGE(""https://docs.google.com/spreadsheets/d/1UUC6R1hVFPCYDEbJMIXaIBW-jeQYiKTRixeKD_tUHGw/edit?gid=0#"&"gid=0"", ""List!D:D""), ""-"")"),"COMPUTER SCIENCE AND ENGINEERING") -> COMPUTER SCIENCE AND ENGINEERING | E98: Bi3 Technologies | F98: 4.5 | G98: Joined | I98: ITP | J98: Allow for Double the package | K98: =IFERROR(__xludf.DUMMYFUNCTION("XLOOKUP(B98, IMPORTRANGE(""https://docs.google.com/spreadsheets/d/1GpX_8hJc54hBz8KrakqcWdiXAS6pjY1zWE_9fWBXnEM/edit?gid=1460649486#gid=1460649486"", ""List!B:B""), IMPORTRANGE(""https://docs.google.com/spreadsheets/d/1GpX_8hJc54hBz8KrakqcWdiXAS6pjY1zWE_9f"&"WBXnEM/edit?gid=1460649486#gid=1460649486"", ""List!E:E""), ""-"")"),"divyaprakash.cs23@bitsathy.ac.in") -> divyaprakash.cs23@bitsathy.ac.in | L98: =IFERROR(__xludf.DUMMYFUNCTION("XLOOKUP(B98, IMPORTRANGE(""https://docs.google.com/spreadsheets/d/1GpX_8hJc54hBz8KrakqcWdiXAS6pjY1zWE_9fWBXnEM/edit?gid=1460649486#gid=1460649486"", ""List!B:B""), IMPORTRANGE(""https://docs.google.com/spreadsheets/d/1GpX_8hJc54hBz8KrakqcWdiXAS6pjY1zWE_9f"&"WBXnEM/edit?gid=1460649486#gid=1460649486"", ""List!G:G""), ""-"")"),"6381856308") -> 6381856308 | M98: T&P | N98: 17.06.2026
A99: 98 | B99: 7376231CE123 | C99: =IFERROR(__xludf.DUMMYFUNCTION("XLOOKUP(B99, IMPORTRANGE(""https://docs.google.com/spreadsheets/d/1UUC6R1hVFPCYDEbJMIXaIBW-jeQYiKTRixeKD_tUHGw/edit?gid=0#gid=0"", ""List!B:B""), IMPORTRANGE(""https://docs.google.com/spreadsheets/d/1UUC6R1hVFPCYDEbJMIXaIBW-jeQYiKTRixeKD_tUHGw/edit?gid=0#"&"gid=0"", ""List!C:C""), ""-"")"),"SAHUL HAMEED M") -> SAHUL HAMEED M | D99: =IFERROR(__xludf.DUMMYFUNCTION("XLOOKUP(B99, IMPORTRANGE(""https://docs.google.com/spreadsheets/d/1UUC6R1hVFPCYDEbJMIXaIBW-jeQYiKTRixeKD_tUHGw/edit?gid=0#gid=0"", ""List!B:B""), IMPORTRANGE(""https://docs.google.com/spreadsheets/d/1UUC6R1hVFPCYDEbJMIXaIBW-jeQYiKTRixeKD_tUHGw/edit?gid=0#"&"gid=0"", ""List!D:D""), ""-"")"),"CIVIL ENGINEERING") -> CIVIL ENGINEERING | E99: Mayflower Enterprises | F99: 3 | G99: Not Joined | I99: CORE | J99: Allow | K99: =IFERROR(__xludf.DUMMYFUNCTION("XLOOKUP(B99, IMPORTRANGE(""https://docs.google.com/spreadsheets/d/1GpX_8hJc54hBz8KrakqcWdiXAS6pjY1zWE_9fWBXnEM/edit?gid=1460649486#gid=1460649486"", ""List!B:B""), IMPORTRANGE(""https://docs.google.com/spreadsheets/d/1GpX_8hJc54hBz8KrakqcWdiXAS6pjY1zWE_9f"&"WBXnEM/edit?gid=1460649486#gid=1460649486"", ""List!E:E""), ""-"")"),"sahulhameed.ce23@bitsathy.ac.in") -> sahulhameed.ce23@bitsathy.ac.in | L99: =IFERROR(__xludf.DUMMYFUNCTION("XLOOKUP(B99, IMPORTRANGE(""https://docs.google.com/spreadsheets/d/1GpX_8hJc54hBz8KrakqcWdiXAS6pjY1zWE_9fWBXnEM/edit?gid=1460649486#gid=1460649486"", ""List!B:B""), IMPORTRANGE(""https://docs.google.com/spreadsheets/d/1GpX_8hJc54hBz8KrakqcWdiXAS6pjY1zWE_9f"&"WBXnEM/edit?gid=1460649486#gid=1460649486"", ""List!G:G""), ""-"")"),"9344022645") -> 9344022645 | M99: T&P | N99: 18.06.2026
A100: 99 | B100: 7376231CE102 | C100: =IFERROR(__xludf.DUMMYFUNCTION("XLOOKUP(B100, IMPORTRANGE(""https://docs.google.com/spreadsheets/d/1UUC6R1hVFPCYDEbJMIXaIBW-jeQYiKTRixeKD_tUHGw/edit?gid=0#gid=0"", ""List!B:B""), IMPORTRANGE(""https://docs.google.com/spreadsheets/d/1UUC6R1hVFPCYDEbJMIXaIBW-jeQYiKTRixeKD_tUHGw/edit?gid=0"&"#gid=0"", ""List!C:C""), ""-"")"),"ARUNJOTHI T") -> ARUNJOTHI T | D100: =IFERROR(__xludf.DUMMYFUNCTION("XLOOKUP(B100, IMPORTRANGE(""https://docs.google.com/spreadsheets/d/1UUC6R1hVFPCYDEbJMIXaIBW-jeQYiKTRixeKD_tUHGw/edit?gid=0#gid=0"", ""List!B:B""), IMPORTRANGE(""https://docs.google.com/spreadsheets/d/1UUC6R1hVFPCYDEbJMIXaIBW-jeQYiKTRixeKD_tUHGw/edit?gid=0"&"#gid=0"", ""List!D:D""), ""-"")"),"CIVIL ENGINEERING") -> CIVIL ENGINEERING | E100: Mayflower Enterprises | F100: 3 | G100: Not Joined | I100: CORE | J100: Allow | K100: =IFERROR(__xludf.DUMMYFUNCTION("XLOOKUP(B100, IMPORTRANGE(""https://docs.google.com/spreadsheets/d/1GpX_8hJc54hBz8KrakqcWdiXAS6pjY1zWE_9fWBXnEM/edit?gid=1460649486#gid=1460649486"", ""List!B:B""), IMPORTRANGE(""https://docs.google.com/spreadsheets/d/1GpX_8hJc54hBz8KrakqcWdiXAS6pjY1zWE_9"&"fWBXnEM/edit?gid=1460649486#gid=1460649486"", ""List!E:E""), ""-"")"),"arunjothi.ce23@bitsathy.ac.in") -> arunjothi.ce23@bitsathy.ac.in | L100: =IFERROR(__xludf.DUMMYFUNCTION("XLOOKUP(B100, IMPORTRANGE(""https://docs.google.com/spreadsheets/d/1GpX_8hJc54hBz8KrakqcWdiXAS6pjY1zWE_9fWBXnEM/edit?gid=1460649486#gid=1460649486"", ""List!B:B""), IMPORTRANGE(""https://docs.google.com/spreadsheets/d/1GpX_8hJc54hBz8KrakqcWdiXAS6pjY1zWE_9"&"fWBXnEM/edit?gid=1460649486#gid=1460649486"", ""List!G:G""), ""-"")"),"7871860145") -> 7871860145 | M100: T&P | N100: 18.06.2026
...

Sheet Sheet5
A2: Roll No | B2: Name | C2: Salary | D2: Role | E2: Skill Sets
A3: 7376231BM130 | B3: NITHISRI K A | C3: 6.5 to 8.0 LPA | D3: AI / Data Analyst | E3: Analyse data and basic AI & ML concepts, Statistics , SQL, Python and (Pandas), Projects
A4: 7376232AD130 | B4: DHARSHINI S | C4: 6.5 to 8.0 LPA | D4: AI / Data Analyst | E4: Analyse data and basic AI & ML concepts, Statistics , SQL, Python and (Pandas), Projects
A5: 7376232CB109 | B5: DHARNESH K | C5: 6.5 to 8.0 LPA | D5: AI / Data Analyst | E5: Analyse data and basic AI & ML concepts, Statistics , SQL, Python and (Pandas), Projects
A6: 7376232CB136 | B6: PRANAV BALAJI P MA | C6: 6.5 to 8.0 LPA | D6: AI / Data Analyst | E6: Analyse data and basic AI & ML concepts, Statistics , SQL, Python and (Pandas), Projects
A7: 7376231CS245 | B7: NAVANEETHA KRISHNAN S | C7: 10 to 12 LPA | D7: AI Researcher / ML Engineer | E7: AI foundations, Practical ML Skills, Engineering Ability and Projects and Problem solving
A8: 7376232AD275 | B8: UDHAYAKARTHICK N | C8: 10 to 12 LPA | D8: AI Researcher / ML Engineer | E8: AI foundations, Practical ML Skills, Engineering Ability and Projects and Problem solving

Sheet Sheet7

Sheet Summary
C1: S.No | D1: Dept | E1: Count
C2: 1 | D2: ARTIFICIAL INTELLIGENCE AND DATA SCIENCE | E2: =COUNTIF(Offers!D:D,D2) -> 64
C3: 2 | D3: ARTIFICIAL INTELLIGENCE AND MACHINE LEARNING | E3: =COUNTIF(Offers!D:D,D3) -> 32
C4: 3 | D4: COMPUTER SCIENCE AND BUSINESS SYSTEMS | E4: =COUNTIF(Offers!D:D,D4) -> 27
C5: 4 | D5: COMPUTER SCIENCE AND DESIGN | E5: =COUNTIF(Offers!D:D,D5) -> 20
C6: 5 | D6: COMPUTER SCIENCE AND ENGINEERING | E6: =COUNTIF(Offers!D:D,D6) -> 107
C7: 6 | D7: COMPUTER TECHNOLOGY | E7: =COUNTIF(Offers!D:D,D7) -> 21
C8: 7 | D8: INFORMATION SCIENCE AND ENGINEERING | E8: =COUNTIF(Offers!D:D,D8) -> 16
C9: 8 | D9: INFORMATION TECHNOLOGY | E9: =COUNTIF(Offers!D:D,D9) -> 64
C10: 9 | D10: ELECTRONICS AND COMMUNICATION ENGINEERING | E10: =COUNTIF(Offers!D:D,D10) -> 121
C11: 10 | D11: ELECTRICAL AND ELECTRONICS ENGINEERING | E11: =COUNTIF(Offers!D:D,D11) -> 41
C12: 11 | D12: ELECTRONICS AND INSTRUMENTATION ENGINEERING | E12: =COUNTIF(Offers!D:D,D12) -> 28
C13: 12 | D13: MECHANICAL ENGINEERING | E13: =COUNTIF(Offers!D:D,D13) -> 51
... C18: 17 | D18: BIOMEDICAL ENGINEERING | E18: =COUNTIF(Offers!D:D,D18) -> 7
C19: 18 | D19: FOOD TECHNOLOGY | E19: =COUNTIF(Offers!D:D,D20) -> 17
C20: 19 | D20: FASHION TECHNOLOGY | E20: =COUNTIF(Offers!D:D,#REF!) -> 0
C21: 20 | D21: M.E - COMPUTER SCIENCE AND ENGINEERING | E21: =COUNTIF(Offers!D:D,D21) -> 0
C22: 21 | D22: M.E - MECHANICAL ENGINEERING | E22: =COUNTIF(Offers!D:D,D22) -> 0
C23: 22 | D23: MBA - SCHOOL OF MANAGEMENT STUDIES | E23: =COUNTIF(Offers!D:D,D23) -> 0
C24: Total | E24: =SUM(E2:E23) -> 721

Sheet Company List
A1: Company Name | B1: Salary Package (LPA) | E1: 10 LPA and above | H1: 7 - 10 LPA | K1: 6-7 LPA | N1: 5-6 LPA | Q1: 4-5 LPA | T1: 3-4 LPA
A2: {=SORT(UNIQUE(Offers!E2:F1000))} -> Bassh Clothing | B2: 3 | E2: =IFERROR(__xludf.DUMMYFUNCTION("IFERROR(FILTER(A2:A1000,B2:B1000>=10), """")"),"Caterpillar") -> Caterpillar | F2: {=UNIQUE(E2:E1000)} -> Caterpillar | H2: =IFERROR(__xludf.DUMMYFUNCTION("IFERROR(FILTER(A2:A1000,B2:B1000>=7, B2:B1000<10), """")"),"Affordmed") -> Affordmed | I2: {=UNIQUE(H2:H1000)} -> Affordmed | K2: =IFERROR(__xludf.DUMMYFUNCTION("IFERROR(FILTER(A2:A1000,B2:B1000>=6, B2:B1000<7), """")"),"Codemagen") -> Codemagen | L2: {=UNIQUE(K2:K1000)} -> Codemagen | N2: =IFERROR(__xludf.DUMMYFUNCTION("IFERROR(FILTER(A2:A1000,B2:B1000>=5, B2:B1000<6), """")"),"Aerele Technologies") -> Aerele Technologies | O2: {=UNIQUE(N2:N1000)} -> Aerele Technologies | Q2: =IFERROR(__xludf.DUMMYFUNCTION("IFERROR(FILTER(A2:A1000,B2:B1000>=4, B2:B1000<5), """")"),"Bi3 Technologies ") -> Bi3 Technologies | R2: {=UNIQUE(Q2:Q1000)} -> Bi3 Technologies | T2: =IFERROR(__xludf.DUMMYFUNCTION("IFERROR(FILTER(A2:A1000,B2:B1000>=3, B2:B1000<4), """")")," Bassh Clothing") -> Bassh Clothing | U2: {=UNIQUE(T2:T1000)} -> Bassh Clothing
A3: Advanced Clothing Concepts | B3: 3 | E3: =IFERROR(__xludf.DUMMYFUNCTION("""COMPUTED_VALUE"""),"EXL Service") -> EXL Service | F3: EXL Service | H3: =IFERROR(__xludf.DUMMYFUNCTION("""COMPUTED_VALUE"""),"GoML") -> GoML | I3: GoML | K3: =IFERROR(__xludf.DUMMYFUNCTION("""COMPUTED_VALUE"""),"EXL Service") -> EXL Service | L3: EXL Service | N3: =IFERROR(__xludf.DUMMYFUNCTION("""COMPUTED_VALUE"""),"Bi3 Technologies ") -> Bi3 Technologies | O3: Bi3 Technologies | Q3: =IFERROR(__xludf.DUMMYFUNCTION("""COMPUTED_VALUE"""),"Cartrabbit") -> Cartrabbit | R3: Cartrabbit | T3: =IFERROR(__xludf.DUMMYFUNCTION("""COMPUTED_VALUE"""),"Advanced Clothing Concepts") -> Advanced Clothing Concepts | U3: Advanced Clothing Concepts
A4: Aerele Technologies | B4: 5 | E4: =IFERROR(__xludf.DUMMYFUNCTION("""COMPUTED_VALUE"""),"Integra Connect") -> Integra Connect | F4: Integra Connect | H4: =IFERROR(__xludf.DUMMYFUNCTION("""COMPUTED_VALUE"""),"Multicoreware") -> Multicoreware | I4: Multicoreware | K4: =IFERROR(__xludf.DUMMYFUNCTION("""COMPUTED_VALUE"""),"Glowlogics") -> Glowlogics | L4: Glowlogics | N4: =IFERROR(__xludf.DUMMYFUNCTION("""COMPUTED_VALUE"""),"Bootlabs") -> Bootlabs | O4: Bootlabs | Q4: =IFERROR(__xludf.DUMMYFUNCTION("""COMPUTED_VALUE"""),"Cloudvice") -> Cloudvice | R4: Cloudvice | T4: =IFERROR(__xludf.DUMMYFUNCTION("""COMPUTED_VALUE"""),"Ahill Apparels") -> Ahill Apparels | U4: Ahill Apparels
A5: Affordmed | B5: 7 | E5: =IFERROR(__xludf.DUMMYFUNCTION("""COMPUTED_VALUE"""),"JUSPAY") -> JUSPAY | F5: JUSPAY | H5: =IFERROR(__xludf.DUMMYFUNCTION("""COMPUTED_VALUE"""),"Reliance") -> Reliance | I5: Reliance | K5: =IFERROR(__xludf.DUMMYFUNCTION("""COMPUTED_VALUE"""),"IDP Education") -> IDP Education | L5: IDP Education | N5: =IFERROR(__xludf.DUMMYFUNCTION("""COMPUTED_VALUE"""),"Conversight.Ai") -> Conversight.Ai | O5: Conversight.Ai | Q5: =IFERROR(__xludf.DUMMYFUNCTION("""COMPUTED_VALUE"""),"Cognizant") -> Cognizant | R5: Cognizant | T5: =IFERROR(__xludf.DUMMYFUNCTION("""COMPUTED_VALUE"""),"Aizentify") -> Aizentify | U5: Aizentify
A6: Ahill Apparels | B6: 3 | E6: =IFERROR(__xludf.DUMMYFUNCTION("""COMPUTED_VALUE"""),"JUSPAY") -> JUSPAY | F6: Multicoreware | H6: =IFERROR(__xludf.DUMMYFUNCTION("""COMPUTED_VALUE"""),"Rocket India (Mr. Cooper)") -> Rocket India (Mr. Cooper) | I6: Rocket India (Mr. Cooper) | K6: =IFERROR(__xludf.DUMMYFUNCTION("""COMPUTED_VALUE"""),"Infineon Technologies") -> Infineon Technologies | L6: Infineon Technologies | N6: =IFERROR(__xludf.DUMMYFUNCTION("""COMPUTED_VALUE"""),"EQREV") -> EQREV | O6: EQREV | Q6: =IFERROR(__xludf.DUMMYFUNCTION("""COMPUTED_VALUE"""),"Excelacom Technologies") -> Excelacom Technologies | R6: Excelacom Technologies | T6: =IFERROR(__xludf.DUMMYFUNCTION("""COMPUTED_VALUE"""),"Aspire Biozymes") -> Aspire Biozymes | U6: Aspire Biozymes
A7: Aizentify | B7: 3.6 | E7: =IFERROR(__xludf.DUMMYFUNCTION("""COMPUTED_VALUE"""),"Multicoreware") -> Multicoreware | F7: NETGEAR | H7: =IFERROR(__xludf.DUMMYFUNCTION("""COMPUTED_VALUE"""),"Survey Sparrow") -> Survey Sparrow | I7: Survey Sparrow | K7: =IFERROR(__xludf.DUMMYFUNCTION("""COMPUTED_VALUE"""),"Tessolve") -> Tessolve | L7: Tessolve | N7: =IFERROR(__xludf.DUMMYFUNCTION("""COMPUTED_VALUE"""),"Mistral Solutions") -> Mistral Solutions | O7: Mistral Solutions | Q7: =IFERROR(__xludf.DUMMYFUNCTION("""COMPUTED_VALUE"""),"Forvia Hella") -> Forvia Hella | R7: Forvia Hella | T7: =IFERROR(__xludf.DUMMYFUNCTION("""COMPUTED_VALUE"""),"Bannari Amman Public School") -> Bannari Amman Public School | U7: Bannari Amman Public School
A8: Aspire Biozymes | B8: 3 | E8: =IFERROR(__xludf.DUMMYFUNCTION("""COMPUTED_VALUE"""),"NETGEAR") -> NETGEAR | F8: PayPal | H8: =IFERROR(__xludf.DUMMYFUNCTION("""COMPUTED_VALUE"""),"TCS") -> TCS | I8: TCS | K8: =IFERROR(__xludf.DUMMYFUNCTION("""COMPUTED_VALUE"""),"The Alter Office") -> The Alter Office | L8: The Alter Office | N8: =IFERROR(__xludf.DUMMYFUNCTION("""COMPUTED_VALUE"""),"Orangewood ") -> Orangewood | O8: Orangewood | Q8: =IFERROR(__xludf.DUMMYFUNCTION("""COMPUTED_VALUE"""),"HCL") -> HCL | R8: HCL | T8: =IFERROR(__xludf.DUMMYFUNCTION("""COMPUTED_VALUE"""),"BPL Medical Technologies") -> BPL Medical Technologies | U8: BPL Medical Technologies
A9: Bannari Amman Public School | B9: 3 | E9: =IFERROR(__xludf.DUMMYFUNCTION("""COMPUTED_VALUE"""),"PayPal") -> PayPal | F9: Presidio | H9: =IFERROR(__xludf.DUMMYFUNCTION("""COMPUTED_VALUE"""),"TCS") -> TCS | I9: VISTEON | K9: =IFERROR(__xludf.DUMMYFUNCTION("""COMPUTED_VALUE"""),"Zohocorp") -> Zohocorp | L9: Zohocorp | N9: =IFERROR(__xludf.DUMMYFUNCTION("""COMPUTED_VALUE"""),"Shakra Innovations") -> Shakra Innovations | O9: Shakra Innovations | Q9: =IFERROR(__xludf.DUMMYFUNCTION("""COMPUTED_VALUE"""),"Hexaware") -> Hexaware | R9: Hexaware | T9: =IFERROR(__xludf.DUMMYFUNCTION("""COMPUTED_VALUE"""),"Confluence Valley Flavors") -> Confluence Valley Flavors | U9: Confluence Valley Flavors
A10: Bi3 Technologies | B10: 4.5 | E10: =IFERROR(__xludf.DUMMYFUNCTION("""COMPUTED_VALUE"""),"Presidio") -> Presidio | F10: Soliton | H10: =IFERROR(__xludf.DUMMYFUNCTION("""COMPUTED_VALUE"""),"VISTEON") -> VISTEON | I10: Zohocorp | N10: =IFERROR(__xludf.DUMMYFUNCTION("""COMPUTED_VALUE"""),"TAEGUTEC") -> TAEGUTEC | O10: TAEGUTEC | Q10: =IFERROR(__xludf.DUMMYFUNCTION("""COMPUTED_VALUE"""),"Killis Bird") -> Killis Bird | R10: Killis Bird | T10: =IFERROR(__xludf.DUMMYFUNCTION("""COMPUTED_VALUE"""),"Cotton Blossom") -> Cotton Blossom | U10: Cotton Blossom
A11: Bi3 Technologies | B11: 5 | E11: =IFERROR(__xludf.DUMMYFUNCTION("""COMPUTED_VALUE"""),"Soliton") -> Soliton | H11: =IFERROR(__xludf.DUMMYFUNCTION("""COMPUTED_VALUE"""),"Zohocorp") -> Zohocorp | N11: =IFERROR(__xludf.DUMMYFUNCTION("""COMPUTED_VALUE"""),"Workhall") -> Workhall | O11: Workhall | Q11: =IFERROR(__xludf.DUMMYFUNCTION("""COMPUTED_VALUE"""),"Lakshmi Machine Works") -> Lakshmi Machine Works | R11: Lakshmi Machine Works | T11: =IFERROR(__xludf.DUMMYFUNCTION("""COMPUTED_VALUE"""),"Dataplatr") -> Dataplatr | U11: Dataplatr
A12: Bootlabs | B12: 5 | N12: =IFERROR(__xludf.DUMMYFUNCTION("""COMPUTED_VALUE"""),"ZeAI Soft") -> ZeAI Soft | O12: ZeAI Soft | Q12: =IFERROR(__xludf.DUMMYFUNCTION("""COMPUTED_VALUE"""),"Leaf Corporation") -> Leaf Corporation | R12: Leaf Corporation | T12: =IFERROR(__xludf.DUMMYFUNCTION("""COMPUTED_VALUE"""),"EnSmart Controls") -> EnSmart Controls | U12: EnSmart Controls
A13: BPL Medical Technologies | B13: 3 | Q13: =IFERROR(__xludf.DUMMYFUNCTION("""COMPUTED_VALUE"""),"Lucid Imaging") -> Lucid Imaging | R13: Lucid Imaging | T13: =IFERROR(__xludf.DUMMYFUNCTION("""COMPUTED_VALUE"""),"Foresight Software Solutions") -> Foresight Software Solutions | U13: Foresight Software Solutions
A14: Cartrabbit | B14: 4 | Q14: =IFERROR(__xludf.DUMMYFUNCTION("""COMPUTED_VALUE"""),"Lucid Imaging") -> Lucid Imaging | R14: MGM-Varvel Power Transmission | T14: =IFERROR(__xludf.DUMMYFUNCTION("""COMPUTED_VALUE"""),"GAC Logistics ") -> GAC Logistics | U14: GAC Logistics
A15: Caterpillar | B15: 14.6 | Q15: =IFERROR(__xludf.DUMMYFUNCTION("""COMPUTED_VALUE"""),"MGM-Varvel Power Transmission ") -> MGM-Varvel Power Transmission | R15: Motherson | T15: =IFERROR(__xludf.DUMMYFUNCTION("""COMPUTED_VALUE"""),"Gighz") -> Gighz | U15: Gighz
A16: Cloudvice | B16: 4 | Q16: =IFERROR(__xludf.DUMMYFUNCTION("""COMPUTED_VALUE"""),"Motherson") -> Motherson | R16: Rajsriya Automotive | T16: =IFERROR(__xludf.DUMMYFUNCTION("""COMPUTED_VALUE"""),"Grid Sync") -> Grid Sync | U16: Grid Sync
A17: Codemagen | B17: 6 | Q17: =IFERROR(__xludf.DUMMYFUNCTION("""COMPUTED_VALUE"""),"Rajsriya Automotive") -> Rajsriya Automotive | R17: RapidData Technologies | T17: =IFERROR(__xludf.DUMMYFUNCTION("""COMPUTED_VALUE"""),"Harita Techserv") -> Harita Techserv | U17: Harita Techserv
A18: Cognizant | B18: 4 | Q18: =IFERROR(__xludf.DUMMYFUNCTION("""COMPUTED_VALUE"""),"RapidData Technologies") -> RapidData Technologies | R18: SWELECT | T18: =IFERROR(__xludf.DUMMYFUNCTION("""COMPUTED_VALUE"""),"HomeLines Textiles") -> HomeLines Textiles | U18: HomeLines Textiles
A19: Confluence Valley Flavors | B19: 3 | Q19: =IFERROR(__xludf.DUMMYFUNCTION("""COMPUTED_VALUE"""),"SWELECT") -> SWELECT | R19: Tridots | T19: =IFERROR(__xludf.DUMMYFUNCTION("""COMPUTED_VALUE"""),"Jayanti Herbs & Spice") -> Jayanti Herbs & Spice | U19: Jayanti Herbs & Spice
A20: Conversight.Ai | B20: 5 | Q20: =IFERROR(__xludf.DUMMYFUNCTION("""COMPUTED_VALUE"""),"Tridots") -> Tridots | R20: Tringapps | T20: =IFERROR(__xludf.DUMMYFUNCTION("""COMPUTED_VALUE"""),"JAYEM Automotives") -> JAYEM Automotives | U20: JAYEM Automotives
A21: Cotton Blossom | B21: 3 | Q21: =IFERROR(__xludf.DUMMYFUNCTION("""COMPUTED_VALUE"""),"Tringapps") -> Tringapps | R21: VST TILLERS TRACTORS | T21: =IFERROR(__xludf.DUMMYFUNCTION("""COMPUTED_VALUE"""),"Kovai Maruthi Papers & Boards") -> Kovai Maruthi Papers & Boards | U21: Kovai Maruthi Papers & Boards
A22: Dataplatr | B22: 3.6 | Q22: =IFERROR(__xludf.DUMMYFUNCTION("""COMPUTED_VALUE"""),"VST TILLERS TRACTORS") -> VST TILLERS TRACTORS | R22: Zohocorp | T22: =IFERROR(__xludf.DUMMYFUNCTION("""COMPUTED_VALUE"""),"L.G. Balakrishnan & Bros Ltd.") -> L.G. Balakrishnan & Bros Ltd. | U22: L.G. Balakrishnan & Bros Ltd.
A23: EnSmart Controls | B23: 3.5 | Q23: =IFERROR(__xludf.DUMMYFUNCTION("""COMPUTED_VALUE"""),"Zohocorp") -> Zohocorp | T23: =IFERROR(__xludf.DUMMYFUNCTION("""COMPUTED_VALUE"""),"Lucid Imaging") -> Lucid Imaging | U23: Lucid Imaging
A24: EQREV | B24: 5 | T24: =IFERROR(__xludf.DUMMYFUNCTION("""COMPUTED_VALUE"""),"Mayflower Enterprises") -> Mayflower Enterprises | U24: Mayflower Enterprises
A25: Excelacom Technologies | B25: 4 | T25: =IFERROR(__xludf.DUMMYFUNCTION("""COMPUTED_VALUE"""),"Mechatronics Control and Equipments") -> Mechatronics Control and Equipments | U25: Mechatronics Control and Equipments
A26: EXL Service | B26: 6.5 | T26: =IFERROR(__xludf.DUMMYFUNCTION("""COMPUTED_VALUE"""),"Mobitech") -> Mobitech | U26: Mobitech
A27: EXL Service | B27: 10 | T27: =IFERROR(__xludf.DUMMYFUNCTION("""COMPUTED_VALUE"""),"Motherson") -> Motherson | U27: Motherson
A28: Foresight Software Solutions | B28: 3 | T28: =IFERROR(__xludf.DUMMYFUNCTION("""COMPUTED_VALUE"""),"ORCHID Pharma") -> ORCHID Pharma | U28: ORCHID Pharma
A29: Forvia Hella | B29: 4 | T29: =IFERROR(__xludf.DUMMYFUNCTION("""COMPUTED_VALUE"""),"Pharmag instruments") -> Pharmag instruments | U29: Pharmag instruments
A30: GAC Logistics | B30: 3.6 | T30: =IFERROR(__xludf.DUMMYFUNCTION("""COMPUTED_VALUE"""),"RK Ecran") -> RK Ecran | U30: RK Ecran
A31: Gighz | B31: 3.5 | T31: =IFERROR(__xludf.DUMMYFUNCTION("""COMPUTED_VALUE"""),"Robonetics Automation Solutions") -> Robonetics Automation Solutions | U31: Robonetics Automation Solutions
A32: Glowlogics | B32: 6.2 | T32: =IFERROR(__xludf.DUMMYFUNCTION("""COMPUTED_VALUE"""),"Royal Automation") -> Royal Automation | U32: Royal Automation
A33: GoML | B33: 7 | T33: =IFERROR(__xludf.DUMMYFUNCTION("""COMPUTED_VALUE"""),"RSJ Inspection") -> RSJ Inspection | U33: RSJ Inspection
A34: Grid Sync | B34: 3 | T34: =IFERROR(__xludf.DUMMYFUNCTION("""COMPUTED_VALUE"""),"S.R.K. Garments") -> S.R.K. Garments | U34: S.R.K. Garments
A35: Harita Techserv | B35: 3 | T35: =IFERROR(__xludf.DUMMYFUNCTION("""COMPUTED_VALUE"""),"Sapphire IMS ") -> Sapphire IMS | U35: Sapphire IMS
A36: HCL | B36: 4.5 | T36: =IFERROR(__xludf.DUMMYFUNCTION("""COMPUTED_VALUE"""),"Schaeffler India") -> Schaeffler India | U36: Schaeffler India
A37: Hexaware | B37: 4 | T37: =IFERROR(__xludf.DUMMYFUNCTION("""COMPUTED_VALUE"""),"Schnell Energy Equipments") -> Schnell Energy Equipments | U37: Schnell Energy Equipments
A38: HomeLines Textiles | B38: 3 | T38: =IFERROR(__xludf.DUMMYFUNCTION("""COMPUTED_VALUE"""),"Shanthi Gears") -> Shanthi Gears | U38: Shanthi Gears
A39: IDP Education | B39: 6 | T39: =IFERROR(__xludf.DUMMYFUNCTION("""COMPUTED_VALUE"""),"Slicktronix Medisens") -> Slicktronix Medisens | U39: Slicktronix Medisens
A40: Infineon Technologies | B40: 6 | T40: =IFERROR(__xludf.DUMMYFUNCTION("""COMPUTED_VALUE"""),"Sublime Structures") -> Sublime Structures | U40: Sublime Structures
A41: Integra Connect | B41: 10 | T41: =IFERROR(__xludf.DUMMYFUNCTION("""COMPUTED_VALUE"""),"Surinova") -> Surinova | U41: Surinova
A42: Jayanti Herbs & Spice | B42: 3 | T42: =IFERROR(__xludf.DUMMYFUNCTION("""COMPUTED_VALUE"""),"Tata Elxsi") -> Tata Elxsi | U42: Tata Elxsi
A43: JAYEM Automotives | B43: 3 | T43: =IFERROR(__xludf.DUMMYFUNCTION("""COMPUTED_VALUE"""),"TCS") -> TCS | U43: TCS
A44: JUSPAY | B44: 21 | T44: =IFERROR(__xludf.DUMMYFUNCTION("""COMPUTED_VALUE"""),"Ultra Engineering Works") -> Ultra Engineering Works | U44: Ultra Engineering Works
A45: JUSPAY | B45: 27 | T45: =IFERROR(__xludf.DUMMYFUNCTION("""COMPUTED_VALUE"""),"Value Health") -> Value Health | U45: Value Health
A46: Killis Bird | B46: 4.25 | T46: =IFERROR(__xludf.DUMMYFUNCTION("""COMPUTED_VALUE"""),"Vindsol") -> Vindsol | U46: Vindsol
A47: Kovai Maruthi Papers & Boards | B47: 3.5 | T47: =IFERROR(__xludf.DUMMYFUNCTION("""COMPUTED_VALUE"""),"Virtual Maze") -> Virtual Maze | U47: Virtual Maze
A48: L.G. Balakrishnan & Bros Ltd. | B48: 3.5 | T48: =IFERROR(__xludf.DUMMYFUNCTION("""COMPUTED_VALUE"""),"VISHWAA APPARELS") -> VISHWAA APPARELS | U48: VISHWAA APPARELS
A49: Lakshmi Machine Works | B49: 4 | T49: =IFERROR(__xludf.DUMMYFUNCTION("""COMPUTED_VALUE"""),"Viswa Envirotech") -> Viswa Envirotech | U49: Viswa Envirotech
A50: Leaf Corporation | B50: 4.5 | T50: =IFERROR(__xludf.DUMMYFUNCTION("""COMPUTED_VALUE"""),"Yuvi Labs and Technologies") -> Yuvi Labs and Technologies | U50: Yuvi Labs and Technologies
A51: Lucid Imaging | B51: 3.5
A52: Lucid Imaging | B52: 4
A53: Lucid Imaging | B53: 4.5
A54: Mayflower Enterprises | B54: 3
A55: Mechatronics Control and Equipments | B55: 3
A56: MGM-Varvel Power Transmission | B56: 4
A57: Mistral Solutions | B57: 5.5
A58: Mobitech | B58: 3.6
A59: Motherson | B59: 3.6
A60: Motherson | B60: 4
A61: Multicoreware | B61: 7.2
A62: Multicoreware | B62: 10.2
... A111: Zohocorp | B111: 7.2
